return-average,return-min,return-max,return-std,episode-length-avg,episode-length-min,episode-length-max,episode-length-std,AverageProgress,MaxProgress,MinProgress,StdProgress,AverageTimeInGoal,MaxTimeInGoal,MinTimeInGoal,StdTimeInGoal,MeanBeginGoalDistance,StdBeginGoalDistance,MinBeginGoalDistance,MaxBeginGoalDistance,MeanFinalGoalDistance,StdFinalGoalDistance,MinFinalGoalDistance,MaxFinalGoalDistance,MeanProgressTowardsGoal,StdProgressTowardsGoal,MinProgressTowardsGoal,MaxProgressTowardsGoal,qf1-avg,qf1-std,qf2-avg,qf2-std,mean-qf-diff,vf-avg,vf-std,mean-sq-bellman-error1,mean-sq-bellman-error2,time-train,time-eval,time-sample,time-total,epoch,pool-size,max-path-return,last-path-return,episodes,total-samples
-1983.2392541819402,-1983.2392541819402,-1983.2392541819402,0.0,1000.0,1000,1000,0.0,2.3714374408941867,2.3714374408941867,2.3714374408941867,0.0,0.0,0,0,0.0,8.48528137423857,0.0,8.48528137423857,8.48528137423857,6.6692979770735,0.0,6.6692979770735,6.6692979770735,1.8159833971650698,0.0,1.8159833971650698,1.8159833971650698,0.33608758,0.48570517,0.33608758,0.48570517,2.0973456,-1.454706,0.43791777,141.10307,108.69073,0.2578624290035805,0,5.199053324999113,25.831316115014488,0,1000,[-2942.05977473],[-2942.05977473],1,1000
-3175.171723824329,-3175.171723824329,-3175.171723824329,0.0,1000.0,1000,1000,0.0,0.9402471435299958,0.9402471435299958,0.9402471435299958,0.0,0.0,0,0,0.0,12.0,0.0,12.0,12.0,12.245775222493199,0.0,12.245775222493199,12.245775222493199,-0.24577522249319905,0.0,-0.24577522249319905,-0.24577522249319905,-67.63425,10.722277,-67.63425,10.722277,0.6164789,-69.959755,11.257968,0.8019345,0.6616467,21.546889951940102,0,4.55156301902025,68.59591199496208,1,2000,[-2176.30138106],[-2176.30138106],2,2000
-3227.7053734257506,-3227.7053734257506,-3227.7053734257506,0.0,1000.0,1000,1000,0.0,1.1957315498997776,1.1957315498997776,1.1957315498997776,0.0,0.0,0,0,0.0,12.0,0.0,12.0,12.0,10.983277688283655,0.0,10.983277688283655,10.983277688283655,1.0167223117163449,0.0,1.0167223117163449,1.0167223117163449,-120.219635,22.997097,-120.219635,22.997097,0.9773897,-122.42956,23.602482,1.3249466,1.4218464,22.390072778092872,16.66679426900373,4.71365268806403,112.36319206811459,2,3000,[-1872.40654559],[-1872.40654559],3,3000
-2105.3205863566986,-2105.3205863566986,-2105.3205863566986,0.0,1000.0,1000,1000,0.0,0.6965620923304218,0.6965620923304218,0.6965620923304218,0.0,0.0,0,0,0.0,8.48528137423857,0.0,8.48528137423857,8.48528137423857,9.082625655334185,0.0,9.082625655334185,9.082625655334185,-0.5973442810956158,0.0,-0.5973442810956158,-0.5973442810956158,-170.50598,37.03253,-170.50598,37.03253,1.191225,-170.88052,37.404316,1.750253,1.6248301,21.670628915017005,16.66318547999981,4.596384296884935,155.3008127990106,3,4000,[-1872.40654559],[-2148.68744478],4,4000
-2193.6986189471713,-2193.6986189471713,-2193.6986189471713,0.0,1000.0,1000,1000,0.0,1.41011495897224,1.41011495897224,1.41011495897224,0.0,0.0,0,0,0.0,8.48528137423857,0.0,8.48528137423857,8.48528137423857,8.36001990305028,0.0,8.36001990305028,8.36001990305028,0.12526147118829023,0.0,0.12526147118829023,0.12526147118829023,-209.29591,40.641293,-209.29591,40.641293,1.5487185,-209.90274,40.678864,2.2033088,2.3257318,21.575015572147095,16.674504848997458,4.493924844915455,198.04029946207447,4,5000,[-1872.40654559],[-2213.40053083],5,5000
-1975.065676354618,-1975.065676354618,-1975.065676354618,0.0,1000.0,1000,1000,0.0,0.8934157885428946,0.8934157885428946,0.8934157885428946,0.0,0.0,0,0,0.0,8.48528137423857,0.0,8.48528137423857,8.48528137423857,7.5880276994071725,0.0,7.5880276994071725,7.5880276994071725,0.8972536748313971,0.0,0.8972536748313971,0.8972536748313971,-257.95126,50.563446,-257.95126,50.563446,1.6362333,-257.469,50.39859,2.4271927,2.5659184,21.55126700107212,16.66941842900269,4.525039443033165,240.7938392641663,5,6000,[-1872.40654559],[-1958.12949204],6,6000
-2322.9462961908935,-2322.9462961908935,-2322.9462961908935,0.0,1000.0,1000,1000,0.0,0.9549972333165009,0.9549972333165009,0.9549972333165009,0.0,0.0,0,0,0.0,8.48528137423857,0.0,8.48528137423857,8.48528137423857,9.357026515767089,0.0,9.357026515767089,9.357026515767089,-0.8717451415285193,0.0,-0.8717451415285193,-0.8717451415285193,-286.37933,53.744873,-286.37933,53.744873,1.865625,-286.5587,54.148647,5.1155667,3.3997037,21.56973110220133,16.677121954999166,4.512107656883018,283.5452918842566,6,7000,[-1872.40654559],[-2038.73757558],7,7000
-2207.930839566786,-2207.930839566786,-2207.930839566786,0.0,1000.0,1000,1000,0.0,0.42783780557312096,0.42783780557312096,0.42783780557312096,0.0,0.0,0,0,0.0,8.48528137423857,0.0,8.48528137423857,8.48528137423857,8.895947252977956,0.0,8.895947252977956,8.895947252977956,-0.41066587873938687,0.0,-0.41066587873938687,-0.41066587873938687,-337.4789,63.740303,-337.4789,63.740303,1.6754866,-337.67816,63.712566,3.4953785,3.2046206,21.53507275992888,16.67313101300533,4.492725629082997,326.40105005327496,7,8000,[-1872.40654559],[-2338.63700188],8,8000
-1660.2805346128973,-1660.2805346128973,-1660.2805346128973,0.0,1000.0,1000,1000,0.0,6.256884332801758,6.256884332801758,6.256884332801758,0.0,0.0,0,0,0.0,8.48528137423857,0.0,8.48528137423857,8.48528137423857,5.077255190498956,0.0,5.077255190498956,5.077255190498956,3.4080261837396133,0.0,3.4080261837396133,3.4080261837396133,-366.75085,67.15152,-366.75085,67.15152,2.313592,-367.49194,66.69848,5.408729,4.771179,22.289642922965868,16.827187089998915,4.694509408007434,370.0718551192549,8,9000,[-1872.40654559],[-1991.14641351],9,9000
-2193.4892302870758,-2193.4892302870758,-2193.4892302870758,0.0,1000.0,1000,1000,0.0,3.064226808261455,3.064226808261455,3.064226808261455,0.0,0.0,0,0,0.0,8.48528137423857,0.0,8.48528137423857,8.48528137423857,7.34467045549344,0.0,7.34467045549344,7.34467045549344,1.1406109187451294,0.0,1.1406109187451294,1.1406109187451294,-423.4555,79.77418,-423.4555,79.77418,2.2279716,-425.0097,80.60803,3.7189631,3.938791,22.678725490841316,16.68689290900511,4.86437484696944,414.3038159170683,9,10000,[-1872.40654559],[-2883.11941893],10,10000
-1882.0033864888378,-1882.0033864888378,-1882.0033864888378,0.0,1000.0,1000,1000,0.0,3.8444166435044935,3.8444166435044935,3.8444166435044935,0.0,0.0,0,0,0.0,8.48528137423857,0.0,8.48528137423857,8.48528137423857,6.899052797374957,0.0,6.899052797374957,6.899052797374957,1.5862285768636122,0.0,1.5862285768636122,1.5862285768636122,-456.94772,87.31524,-456.94772,87.31524,2.4856215,-459.2854,87.51032,6.506057,6.5990057,21.106288698807475,16.69014216800133,5.501699721142359,457.5894868970281,10,11000,[-1872.40654559],[-1933.22953035],11,11000
-3262.582415905563,-3262.582415905563,-3262.582415905563,0.0,1000.0,1000,1000,0.0,0.7192855330471856,0.7192855330471856,0.7192855330471856,0.0,0.0,0,0,0.0,12.0,0.0,12.0,12.0,12.659724219103733,0.0,12.659724219103733,12.659724219103733,-0.6597242191037331,0.0,-0.6597242191037331,-0.6597242191037331,-493.10483,95.0494,-493.10483,95.0494,2.6115303,-493.366,95.434235,6.577425,6.7733593,21.782896366057685,16.67610315699858,5.7122524528895156,501.75341616999503,11,12000,[-1872.40654559],[-2112.9491214],12,12000
-3136.1931021869514,-3136.1931021869514,-3136.1931021869514,0.0,1000.0,1000,1000,0.0,1.0884639864732852,1.0884639864732852,1.0884639864732852,0.0,0.0,0,0,0.0,12.0,0.0,12.0,12.0,11.381954668001212,0.0,11.381954668001212,11.381954668001212,0.618045331998788,0.0,0.618045331998788,0.618045331998788,-515.8473,84.763336,-515.8473,84.763336,2.5306418,-516.37573,84.504265,5.953678,7.4658146,21.323525259198505,16.671295841006213,5.602874056065048,545.3558036752656,12,13000,[-1872.40654559],[-1934.61562602],13,13000
-1808.3950532385757,-1808.3950532385757,-1808.3950532385757,0.0,1000.0,1000,1000,0.0,4.922160810784135,4.922160810784135,4.922160810784135,0.0,0.0,0,0,0.0,8.48528137423857,0.0,8.48528137423857,8.48528137423857,5.417850783478034,0.0,5.417850783478034,5.417850783478034,3.0674305907605355,0.0,3.0674305907605355,3.0674305907605355,-574.0425,117.95689,-574.0425,117.95689,2.4039593,-574.16437,118.325325,6.4923344,6.5857143,21.143275312068,16.67886720399838,5.51585762808827,588.6932354324163,13,14000,[-1872.40654559],[-3183.19617826],14,14000
-2450.013790887104,-2450.013790887104,-2450.013790887104,0.0,1000.0,1000,1000,0.0,4.394426156509201,4.394426156509201,4.394426156509201,0.0,0.0,0,0,0.0,12.0,0.0,12.0,12.0,7.825666224656487,0.0,7.825666224656487,7.825666224656487,4.174333775343513,0.0,4.174333775343513,4.174333775343513,-597.80334,109.37393,-597.80334,109.37393,2.9868093,-597.967,109.19834,7.295612,7.213591,20.902237575865,16.67934426300053,5.4778676740970695,631.7431473553734,14,15000,[-1872.40654559],[-2290.29748687],15,15000
-2240.5353914120697,-2240.5353914120697,-2240.5353914120697,0.0,1000.0,1000,1000,0.0,1.554463859238132,1.554463859238132,1.554463859238132,0.0,0.0,0,0,0.0,8.48528137423857,0.0,8.48528137423857,8.48528137423857,7.686104863556356,0.0,7.686104863556356,7.686104863556356,0.799176510682214,0.0,0.799176510682214,0.799176510682214,-624.49976,123.83018,-624.49976,123.83018,2.882567,-625.97974,123.907104,7.130411,7.5675526,20.893987299925357,16.67076886799623,5.370144366846944,674.6810781761305,15,16000,[-1688.63199636],[-1688.63199636],16,16000
-2363.335454889127,-2363.335454889127,-2363.335454889127,0.0,1000.0,1000,1000,0.0,0.8877913579899414,0.8877913579899414,0.8877913579899414,0.0,0.0,0,0,0.0,8.48528137423857,0.0,8.48528137423857,8.48528137423857,9.313568944821927,0.0,9.313568944821927,9.313568944821927,-0.8282875705833579,0.0,-0.8282875705833579,-0.8282875705833579,-652.42413,128.11372,-652.42413,128.11372,2.820077,-654.0595,128.65392,8.510548,8.48932,20.906589958787663,16.672288328998548,5.449393103815964,717.6977633007409,16,17000,[-1688.63199636],[-2123.16078284],17,17000
-1847.9322330509585,-1847.9322330509585,-1847.9322330509585,0.0,1000.0,1000,1000,0.0,1.8936399362093972,1.8936399362093972,1.8936399362093972,0.0,0.0,0,0,0.0,8.48528137423857,0.0,8.48528137423857,8.48528137423857,6.672536219005996,0.0,6.672536219005996,6.672536219005996,1.812745155232574,0.0,1.812745155232574,1.812745155232574,-680.05835,146.91959,-680.05835,146.91959,3.1841292,-680.7833,147.1172,8.818352,9.569559,20.90563016206579,16.66363963799813,5.384831372888584,760.6511951336943,17,18000,[-1688.63199636],[-1743.0484539],18,18000
-2050.40360813069,-2050.40360813069,-2050.40360813069,0.0,1000.0,1000,1000,0.0,8.342104926198889,8.342104926198889,8.342104926198889,0.0,0.0,0,0,0.0,8.48528137423857,0.0,8.48528137423857,8.48528137423857,7.352132173775376,0.0,7.352132173775376,7.352132173775376,1.1331492004631931,0.0,1.1331492004631931,1.1331492004631931,-722.9792,134.21756,-722.9792,134.21756,2.9237022,-723.4449,134.58076,8.97842,7.9581985,20.924205596798856,16.665579849002825,5.403569142021297,803.655934585513,18,19000,[-1688.63199636],[-2552.46360142],19,19000
-3176.656121126016,-3176.656121126016,-3176.656121126016,0.0,1000.0,1000,1000,0.0,1.7889846248275936,1.7889846248275936,1.7889846248275936,0.0,0.0,0,0,0.0,12.0,0.0,12.0,12.0,10.494352207933458,0.0,10.494352207933458,10.494352207933458,1.5056477920665419,0.0,1.5056477920665419,1.5056477920665419,-735.32385,162.96413,-735.32385,162.96413,3.0628963,-738.0482,163.31673,9.879395,10.689863,20.91073872794368,16.67561269200087,5.3889016970133525,846.6220712814757,19,20000,[-1437.92416818],[-1437.92416818],20,20000
-1828.047791112641,-1828.047791112641,-1828.047791112641,0.0,1000.0,1000,1000,0.0,7.466341640093503,7.466341640093503,7.466341640093503,0.0,0.0,0,0,0.0,8.48528137423857,0.0,8.48528137423857,8.48528137423857,5.3605417446019645,0.0,5.3605417446019645,5.3605417446019645,3.124739629636605,0.0,3.124739629636605,3.124739629636605,-748.3868,146.15779,-748.3868,146.15779,3.082839,-751.2025,146.478,8.837217,9.60565,21.80274750514218,16.66601464300038,5.653248957831238,890.7404218584488,20,21000,[-1437.92416818],[-2056.12049945],21,21000
-1707.7657153731718,-1707.7657153731718,-1707.7657153731718,0.0,1000.0,1000,1000,0.0,7.446228344842422,7.446228344842422,7.446228344842422,0.0,0.0,0,0,0.0,8.48528137423857,0.0,8.48528137423857,8.48528137423857,4.432104484071456,0.0,4.432104484071456,4.432104484071456,4.053176890167114,0.0,4.053176890167114,4.053176890167114,-805.1058,164.71259,-805.1058,164.71259,3.219005,-805.88104,164.43077,11.627992,11.201069,21.240028385072947,16.66500004500267,5.517779254849302,934.1778173903658,21,22000,[-1437.92416818],[-2169.37613556],22,22000
-2017.3769166130278,-2017.3769166130278,-2017.3769166130278,0.0,1000.0,1000,1000,0.0,7.510002071693047,7.510002071693047,7.510002071693047,0.0,0.0,0,0,0.0,8.48528137423857,0.0,8.48528137423857,8.48528137423857,7.551315314797573,0.0,7.551315314797573,7.551315314797573,0.9339660594409969,0.0,0.9339660594409969,0.9339660594409969,-793.98895,147.5665,-793.98895,147.5665,3.0878243,-793.3859,146.84875,11.178755,12.905706,21.063655575977464,16.678925060994516,5.517215809959453,977.4274680673116,22,23000,[-1437.92416818],[-3133.80915538],23,23000
-3269.8958090753135,-3269.8958090753135,-3269.8958090753135,0.0,1000.0,1000,1000,0.0,1.4635558674474527,1.4635558674474527,1.4635558674474527,0.0,0.0,0,0,0.0,12.0,0.0,12.0,12.0,10.952685329824849,0.0,10.952685329824849,10.952685329824849,1.047314670175151,0.0,1.047314670175151,1.047314670175151,-815.0117,166.70148,-815.0117,166.70148,3.3974814,-815.28546,167.8686,11.3454,10.772069,21.42686637200677,16.673172119997616,5.534869295057433,1021.0633288663666,23,24000,[-1296.84207349],[-1296.84207349],24,24000
-2778.509369364465,-2778.509369364465,-2778.509369364465,0.0,1000.0,1000,1000,0.0,4.6227603298725235,4.6227603298725235,4.6227603298725235,0.0,0.0,0,0,0.0,12.0,0.0,12.0,12.0,7.381770678444486,0.0,7.381770678444486,7.381770678444486,4.618229321555514,0.0,4.618229321555514,4.618229321555514,-835.9591,162.35709,-835.9591,162.35709,3.14149,-838.8357,162.68011,9.372236,9.072802,21.50877467304963,16.67236545400374,5.5844723960981355,1064.8294199185184,24,25000,[-1296.84207349],[-1873.6639315],25,25000
-2038.142569921526,-2038.142569921526,-2038.142569921526,0.0,1000.0,1000,1000,0.0,10.94498285800974,10.94498285800974,10.94498285800974,0.0,0.0,0,0,0.0,8.48528137423857,0.0,8.48528137423857,8.48528137423857,8.1312059011355,0.0,8.1312059011355,8.1312059011355,0.3540754731030695,0.0,0.3540754731030695,0.3540754731030695,-858.3494,175.83699,-858.3494,175.83699,3.6532605,-856.8739,176.35152,13.193522,11.729274,22.039412673038896,16.675110038995626,5.678127508057514,1109.214012792625,25,26000,[-1296.84207349],[-2862.90483682],26,26000
-1920.1360132542777,-1920.1360132542777,-1920.1360132542777,0.0,1000.0,1000,1000,0.0,5.608100487540615,5.608100487540615,5.608100487540615,0.0,0.0,0,0,0.0,8.48528137423857,0.0,8.48528137423857,8.48528137423857,6.272415061562169,0.0,6.272415061562169,6.272415061562169,2.2128663126764003,0.0,2.2128663126764003,2.2128663126764003,-879.9065,188.01923,-879.9065,188.01923,3.3966694,-879.4241,187.10773,13.634803,10.953354,21.838946212075825,16.66621905899956,5.590018747025169,1153.3302000467156,26,27000,[-1296.84207349],[-1522.64646089],27,27000
-1497.8921792112842,-1497.8921792112842,-1497.8921792112842,0.0,1000.0,1000,1000,0.0,8.777209351291436,8.777209351291436,8.777209351291436,0.0,0.0,0,0,0.0,8.48528137423857,0.0,8.48528137423857,8.48528137423857,5.956506297099396,0.0,5.956506297099396,5.956506297099396,2.5287750771391737,0.0,2.5287750771391737,2.5287750771391737,-882.6273,180.66179,-882.6273,180.66179,3.189156,-882.8205,180.8437,12.08023,12.279248,22.08717428601085,16.691625793995627,5.6929531761416,1197.782435285866,27,28000,[-1296.84207349],[-2704.17694099],28,28000
-1610.8425400145895,-1610.8425400145895,-1610.8425400145895,0.0,1000.0,1000,1000,0.0,9.238977824349552,9.238977824349552,9.238977824349552,0.0,0.0,0,0,0.0,8.48528137423857,0.0,8.48528137423857,8.48528137423857,6.7811921360042575,0.0,6.7811921360042575,6.7811921360042575,1.704089238234312,0.0,1.704089238234312,1.704089238234312,-903.91296,186.58412,-903.91296,186.58412,3.1772137,-906.4038,186.09665,708.0646,693.8176,21.767910530150402,16.673215675000392,5.613477636987227,1241.8356302380053,28,29000,[-1296.84207349],[-1706.63773739],29,29000
-1994.6990009932633,-1994.6990009932633,-1994.6990009932633,0.0,1000.0,1000,1000,0.0,8.819939976495919,8.819939976495919,8.819939976495919,0.0,0.0,0,0,0.0,8.48528137423857,0.0,8.48528137423857,8.48528137423857,7.623109087033497,0.0,7.623109087033497,7.623109087033497,0.8621722872050723,0.0,0.8621722872050723,0.8621722872050723,-896.59424,205.25253,-896.59424,205.25253,3.4164407,-895.5622,205.422,12.916557,12.961069,21.53912319688243,16.670385151999653,5.558544208870444,1285.6173943997564,29,30000,[-1296.84207349],[-1780.78408388],30,30000
-809.173061434079,-809.173061434079,-809.173061434079,0.0,1000.0,1000,1000,0.0,8.003010367385796,8.003010367385796,8.003010367385796,0.0,0.0,0,0,0.0,8.48528137423857,0.0,8.48528137423857,8.48528137423857,2.2048424963647353,0.0,2.2048424963647353,2.2048424963647353,6.280438877873834,0.0,6.280438877873834,6.280438877873834,-916.057,206.94685,-916.057,206.94685,3.621169,-917.7644,206.20596,11.880009,12.610434,21.31847516108246,16.683461876004003,5.460370666929521,1329.1018515537653,30,31000,[-1296.84207349],[-1778.88450491],31,31000
-2280.4887094744327,-2280.4887094744327,-2280.4887094744327,0.0,1000.0,1000,1000,0.0,8.515017852987395,8.515017852987395,8.515017852987395,0.0,0.0,0,0,0.0,12.0,0.0,12.0,12.0,3.6432575875739364,0.0,3.6432575875739364,3.6432575875739364,8.356742412426064,0.0,8.356742412426064,8.356742412426064,-919.0027,214.37506,-919.0027,214.37506,3.7580714,-919.00964,215.28142,11.929172,13.604169,21.076323056004185,16.707821039002738,5.348653590961476,1372.1894122917438,31,32000,[-1296.84207349],[-1393.73700617],32,32000
-1735.757665423212,-1735.757665423212,-1735.757665423212,0.0,1000.0,1000,1000,0.0,3.748616298965036,3.748616298965036,3.748616298965036,0.0,0.0,0,0,0.0,8.48528137423857,0.0,8.48528137423857,8.48528137423857,6.581474220664771,0.0,6.581474220664771,6.581474220664771,1.9038071535737986,0.0,1.9038071535737986,1.9038071535737986,-916.61,211.63304,-916.61,211.63304,3.3625596,-918.82825,212.86533,13.4966345,13.03601,21.044710687980114,16.662690233999456,5.457098929029598,1415.3562800127402,32,33000,[-1296.84207349],[-2215.06744442],33,33000
-1332.8158775649651,-1332.8158775649651,-1332.8158775649651,0.0,1000.0,1000,1000,0.0,7.242790251675249,7.242790251675249,7.242790251675249,0.0,0.0,0,0,0.0,8.48528137423857,0.0,8.48528137423857,8.48528137423857,3.4731481163232356,0.0,3.4731481163232356,3.4731481163232356,5.012133257915334,0.0,5.012133257915334,5.012133257915334,-930.1828,193.37894,-930.1828,193.37894,3.8135817,-931.4366,192.91594,15.627177,15.20097,20.951880487969902,16.669921087996045,5.3478705910092685,1458.3269242867245,33,34000,[-1296.84207349],[-1888.21221816],34,34000
-1781.2012508705268,-1781.2012508705268,-1781.2012508705268,0.0,1000.0,1000,1000,0.0,12.111895952595619,12.111895952595619,12.111895952595619,0.0,0.0,0,0,0.0,8.48528137423857,0.0,8.48528137423857,8.48528137423857,8.505041279351405,0.0,8.505041279351405,8.505041279351405,-0.019759905112834986,0.0,-0.019759905112834986,-0.019759905112834986,-935.0937,213.63448,-935.0937,213.63448,3.524363,-936.672,214.08333,14.852602,14.397154,21.860987025087525,16.668226973997662,5.58159172195883,1502.444860685755,34,35000,[-1296.84207349],[-1929.82757187],35,35000
-2433.6283914866976,-2433.6283914866976,-2433.6283914866976,0.0,1000.0,1000,1000,0.0,8.714893764290089,8.714893764290089,8.714893764290089,0.0,0.0,0,0,0.0,12.0,0.0,12.0,12.0,3.494561571134331,0.0,3.494561571134331,3.494561571134331,8.50543842886567,0.0,8.50543842886567,8.50543842886567,-946.152,223.04352,-946.152,223.04352,3.651042,-949.43585,223.37317,15.562016,15.895886,21.3040913789373,16.67914549899433,5.483296552956745,1545.8967624376528,35,36000,[-1296.84207349],[-2006.16589218],36,36000
-1245.6560999446824,-1245.6560999446824,-1245.6560999446824,0.0,747.0,747,747,0.0,11.786507761068691,11.786507761068691,11.786507761068691,0.0,0.0,0,0,0.0,12.0,0.0,12.0,12.0,1.0139596215857263,0.0,1.0139596215857263,1.0139596215857263,10.986040378414273,0.0,10.986040378414273,10.986040378414273,-937.2472,212.93619,-937.2472,212.93619,3.5639493,-939.5309,213.5466,15.724424,17.006165,21.65950192501623,16.662812333997863,5.537235100098769,1585.5480766997716,36,37000,[-1296.84207349],[-1841.36991697],37,37000
-1907.9799566056577,-1907.9799566056577,-1907.9799566056577,0.0,1000.0,1000,1000,0.0,12.064521911602855,12.064521911602855,12.064521911602855,0.0,0.0,0,0,0.0,8.48528137423857,0.0,8.48528137423857,8.48528137423857,8.659288777669882,0.0,8.659288777669882,8.659288777669882,-0.17400740343131282,0.0,-0.17400740343131282,-0.17400740343131282,-969.89075,236.92618,-969.89075,236.92618,3.8449516,-970.5139,235.79175,14.415739,15.649311,21.762562182011607,12.455384860004415,5.570523283968214,1629.5452311467452,37,38000,[-1296.84207349],[-2937.47344538],38,38000
-1397.632584032129,-1397.632584032129,-1397.632584032129,0.0,1000.0,1000,1000,0.0,7.564353299614346,7.564353299614346,7.564353299614346,0.0,0.0,0,0,0.0,8.48528137423857,0.0,8.48528137423857,8.48528137423857,2.7972235178340004,0.0,2.7972235178340004,2.7972235178340004,5.688057856404569,0.0,5.688057856404569,5.688057856404569,-970.8321,224.47021,-970.8321,224.47021,3.7480743,-971.8526,224.39937,15.991272,16.495234,21.26647628594219,16.668929986000876,5.436386974091874,1672.9162384127922,38,39000,[-1296.84207349],[-1963.70581157],39,39000
-2241.0044297324253,-2241.0044297324253,-2241.0044297324253,0.0,1000.0,1000,1000,0.0,8.063857585831249,8.063857585831249,8.063857585831249,0.0,0.0,0,0,0.0,8.48528137423857,0.0,8.48528137423857,8.48528137423857,10.00096793755579,0.0,10.00096793755579,10.00096793755579,-1.515686563317221,0.0,-1.515686563317221,-1.515686563317221,-971.2175,219.13084,-971.2175,219.13084,3.9477708,-971.8063,220.10411,16.66785,15.955339,21.194274223977118,16.6672307810004,5.3962681800621795,1716.1698307538245,39,40000,[-1296.84207349],[-1703.97319943],40,40000
-1631.9846677474388,-1631.9846677474388,-1631.9846677474388,0.0,1000.0,1000,1000,0.0,4.203094044981185,4.203094044981185,4.203094044981185,0.0,0.0,0,0,0.0,8.48528137423857,0.0,8.48528137423857,8.48528137423857,5.279482062800428,0.0,5.279482062800428,5.279482062800428,3.205799311438142,0.0,3.205799311438142,3.205799311438142,-986.28674,229.21246,-986.28674,229.21246,3.977007,-988.0235,229.32039,15.722068,13.511475,22.143793263996486,16.665955820993986,5.6536078509598156,1760.633527243779,40,41000,[-1296.84207349],[-2034.81706473],41,41000
-1884.0269644788236,-1884.0269644788236,-1884.0269644788236,0.0,1000.0,1000,1000,0.0,6.578818064149322,6.578818064149322,6.578818064149322,0.0,0.0,0,0,0.0,8.48528137423857,0.0,8.48528137423857,8.48528137423857,5.576718478068747,0.0,5.576718478068747,5.576718478068747,2.9085628961698227,0.0,2.9085628961698227,2.9085628961698227,-1001.39453,230.28328,-1001.39453,230.28328,3.5121262,-1002.5521,229.26634,16.680273,16.113995,21.446615688022575,16.665461671997036,5.462505572082591,1804.2038119568751,41,42000,[-1296.84207349],[-1845.13193128],42,42000
-1175.2182132920402,-1175.2182132920402,-1175.2182132920402,0.0,1000.0,1000,1000,0.0,7.072718302734343,7.072718302734343,7.072718302734343,0.0,0.0,0,0,0.0,8.48528137423857,0.0,8.48528137423857,8.48528137423857,2.0207198051775492,0.0,2.0207198051775492,2.0207198051775492,6.46456156906102,0.0,6.46456156906102,6.46456156906102,-996.0419,218.14468,-996.0419,218.14468,3.8767228,-999.23584,217.1954,14.841218,16.59084,21.225586178821686,16.662726147005742,5.428613825897628,1847.5248420185962,42,43000,[-1296.84207349],[-1523.29207498],43,43000
-1246.6090224415034,-1246.6090224415034,-1246.6090224415034,0.0,646.0,646,646,0.0,10.986252733166063,10.986252733166063,10.986252733166063,0.0,0.0,0,0,0.0,12.0,0.0,12.0,12.0,1.044145125844113,0.0,1.044145125844113,1.044145125844113,10.955854874155888,0.0,10.955854874155888,10.955854874155888,-989.47736,211.9861,-989.47736,211.9861,3.8255792,-991.13947,212.07782,18.406506,13.665326,21.708682161981415,16.667364845998236,5.53549023308733,1885.539184243651,43,44000,[-1296.84207349],[-1462.45446889],44,44000
-1942.1375988259233,-1942.1375988259233,-1942.1375988259233,0.0,1000.0,1000,1000,0.0,6.805533544431002,6.805533544431002,6.805533544431002,0.0,0.0,0,0,0.0,12.0,0.0,12.0,12.0,5.955138902675918,0.0,5.955138902675918,5.955138902675918,6.044861097324082,0.0,6.044861097324082,6.044861097324082,-987.56165,229.86137,-987.56165,229.86137,4.0725317,-987.707,228.75346,19.336452,18.328217,21.634164453113044,10.771613032993628,5.5358639338446665,1929.3718355096134,44,45000,[-1296.84207349],[-1735.46566882],45,45000
-1255.527143731702,-1255.527143731702,-1255.527143731702,0.0,876.0,876,876,0.0,11.440038487460813,11.440038487460813,11.440038487460813,0.0,0.0,0,0,0.0,12.0,0.0,12.0,12.0,1.0032326205124646,0.0,1.0032326205124646,1.0032326205124646,10.996767379487535,0.0,10.996767379487535,10.996767379487535,-992.56104,228.577,-992.56104,228.577,3.8979516,-992.1083,227.80914,16.519896,16.154154,21.484097380001913,16.665798907000863,5.448759108010563,1970.9085494216197,45,46000,[-1205.72737073],[-1205.72737073],46,46000
-1668.441268474904,-1668.441268474904,-1668.441268474904,0.0,1000.0,1000,1000,0.0,7.902251758896431,7.902251758896431,7.902251758896431,0.0,0.0,0,0,0.0,8.48528137423857,0.0,8.48528137423857,8.48528137423857,5.147073741130023,0.0,5.147073741130023,5.147073741130023,3.3382076331085466,0.0,3.3382076331085466,3.3382076331085466,-1015.0879,231.67876,-1015.0879,231.67876,4.0119967,-1016.1687,231.06358,16.450413,14.970282,21.4853102050256,14.60673661599867,5.502786216937238,2014.6108215535933,46,47000,[-1205.72737073],[-1792.93209214],47,47000
-1491.1806647716717,-1491.1806647716717,-1491.1806647716717,0.0,1000.0,1000,1000,0.0,7.4497329186294925,7.4497329186294925,7.4497329186294925,0.0,0.0,0,0,0.0,8.48528137423857,0.0,8.48528137423857,8.48528137423857,3.4560074960157112,0.0,3.4560074960157112,3.4560074960157112,5.029273878222858,0.0,5.029273878222858,5.029273878222858,-1016.59607,240.502,-1016.59607,240.502,3.9996822,-1020.6658,240.91171,17.325274,19.571106,21.450309409985493,16.70972216300288,5.427267027043854,2058.159981582612,47,48000,[-1106.5380945],[-1106.5380945],48,48000
-1634.587718428568,-1634.587718428568,-1634.587718428568,0.0,1000.0,1000,1000,0.0,10.234290054785918,10.234290054785918,10.234290054785918,0.0,0.0,0,0,0.0,12.0,0.0,12.0,12.0,1.8535967846609216,0.0,1.8535967846609216,1.8535967846609216,10.146403215339078,0.0,10.146403215339078,10.146403215339078,-1000.338,231.55391,-1000.338,231.55391,3.8045406,-1003.80383,231.07466,21.796104,18.586208,21.324233892002667,16.678513866994763,5.452951807070349,2101.614499176678,48,49000,[-1106.5380945],[-1649.03879059],49,49000
-1491.4562182737845,-1491.4562182737845,-1491.4562182737845,0.0,1000.0,1000,1000,0.0,6.031625961023219,6.031625961023219,6.031625961023219,0.0,0.0,0,0,0.0,8.48528137423857,0.0,8.48528137423857,8.48528137423857,3.485824444577075,0.0,3.485824444577075,3.485824444577075,4.999456929661495,0.0,4.999456929661495,4.999456929661495,-1031.0583,238.0865,-1031.0583,238.0865,3.9261458,-1031.9464,238.63983,20.725489,21.550909,22.165367745001276,16.674411169995437,5.608930421098194,2146.0625632807714,49,50000,[-1106.5380945],[-1787.365455],50,50000
-1414.5621702494827,-1414.5621702494827,-1414.5621702494827,0.0,1000.0,1000,1000,0.0,7.089863975555287,7.089863975555287,7.089863975555287,0.0,0.0,0,0,0.0,8.48528137423857,0.0,8.48528137423857,8.48528137423857,4.615503474345787,0.0,4.615503474345787,4.615503474345787,3.8697778998927825,0.0,3.8697778998927825,3.8697778998927825,-1023.3218,243.87593,-1023.3218,243.87593,4.3756847,-1024.1956,243.69121,19.77656,17.336521,21.623878220030747,16.674040123994928,5.5064342889527325,2189.864917132756,50,51000,[-1106.5380945],[-1367.85978882],51,51000
-2021.7841646520094,-2021.7841646520094,-2021.7841646520094,0.0,1000.0,1000,1000,0.0,9.566657437076055,9.566657437076055,9.566657437076055,0.0,0.0,0,0,0.0,12.0,0.0,12.0,12.0,2.626961399367853,0.0,2.626961399367853,2.626961399367853,9.373038600632146,0.0,9.373038600632146,9.373038600632146,-1010.3582,230.95421,-1010.3582,230.95421,4.0054493,-1010.86395,232.07881,20.1501,21.46365,21.800871302177256,16.675745977998304,5.554063881128968,2233.9004055990663,51,52000,[-1106.5380945],[-1768.55223641],52,52000
-1878.443265434351,-1878.443265434351,-1878.443265434351,0.0,1000.0,1000,1000,0.0,6.415622938633167,6.415622938633167,6.415622938633167,0.0,0.0,0,0,0.0,12.0,0.0,12.0,12.0,5.584715122611706,0.0,5.584715122611706,5.584715122611706,6.415284877388294,0.0,6.415284877388294,6.415284877388294,-1012.6826,231.02707,-1012.6826,231.02707,3.8040943,-1016.17206,231.46332,18.309855,16.943462,21.09698530708556,16.681309561994567,5.3606261579552665,2277.0323894421017,52,53000,[-1106.5380945],[-1945.34364474],53,53000
-1158.0059424297883,-1158.0059424297883,-1158.0059424297883,0.0,1000.0,1000,1000,0.0,7.535339750269599,7.535339750269599,7.535339750269599,0.0,0.0,0,0,0.0,8.48528137423857,0.0,8.48528137423857,8.48528137423857,2.783693875110637,0.0,2.783693875110637,2.783693875110637,5.701587499127933,0.0,5.701587499127933,5.701587499127933,-1035.1506,251.05885,-1035.1506,251.05885,3.9530132,-1033.8229,251.82268,18.249022,19.151348,21.145825456886087,16.676136415000656,5.382739593020233,2320.234050735002,53,54000,[-1106.5380945],[-1544.96215523],54,54000
-1815.7314723053003,-1815.7314723053003,-1815.7314723053003,0.0,1000.0,1000,1000,0.0,8.286710033587582,8.286710033587582,8.286710033587582,0.0,0.0,0,0,0.0,8.48528137423857,0.0,8.48528137423857,8.48528137423857,7.219849277876712,0.0,7.219849277876712,7.219849277876712,1.2654320963618577,0.0,1.2654320963618577,1.2654320963618577,-1032.0566,253.65517,-1032.0566,253.65517,4.0164175,-1030.1809,252.98967,25.39739,20.985903,21.258956086960097,16.6738423650022,5.381292690108239,2363.5549681670673,54,55000,[-1106.5380945],[-1510.12521524],55,55000
-1688.0999942286878,-1688.0999942286878,-1688.0999942286878,0.0,1000.0,1000,1000,0.0,8.579764045205032,8.579764045205032,8.579764045205032,0.0,0.0,0,0,0.0,12.0,0.0,12.0,12.0,3.5679132786019627,0.0,3.5679132786019627,3.5679132786019627,8.432086721398036,0.0,8.432086721398036,8.432086721398036,-1034.6412,241.27498,-1034.6412,241.27498,3.5590122,-1033.6637,240.39542,16.56842,14.246322,21.02774153892824,16.680332871001156,5.3187974450193,2406.5706994170105,55,56000,[-908.76753328],[-908.76753328],56,56000
-1472.6306418205197,-1472.6306418205197,-1472.6306418205197,0.0,1000.0,1000,1000,0.0,6.2138762571533945,6.2138762571533945,6.2138762571533945,0.0,0.0,0,0,0.0,8.48528137423857,0.0,8.48528137423857,8.48528137423857,4.986208526075908,0.0,4.986208526075908,4.986208526075908,3.499072848162662,0.0,3.499072848162662,3.499072848162662,-1024.6986,248.27167,-1024.6986,248.27167,4.049386,-1026.6494,248.7456,19.94349,20.730362,21.73524798008293,16.674266253001406,5.5499695929465815,2450.5407916970435,56,57000,[-908.76753328],[-1722.56676872],57,57000
-1273.2100902168718,-1273.2100902168718,-1273.2100902168718,0.0,885.0,885,885,0.0,11.228565004324627,11.228565004324627,11.228565004324627,0.0,0.0,0,0,0.0,12.0,0.0,12.0,12.0,1.001236521899423,0.0,1.001236521899423,1.001236521899423,10.998763478100576,0.0,10.998763478100576,10.998763478100576,-1018.1283,235.89883,-1018.1283,235.89883,4.1392446,-1023.5526,236.2468,24.755615,18.500948,21.43135118518694,16.685748501004127,5.406391702024848,2492.142458611248,57,58000,[-908.76753328],[-1928.95787842],58,58000
-1695.4967691349102,-1695.4967691349102,-1695.4967691349102,0.0,1000.0,1000,1000,0.0,11.015802570310322,11.015802570310322,11.015802570310322,0.0,0.0,0,0,0.0,8.48528137423857,0.0,8.48528137423857,8.48528137423857,8.570539347281537,0.0,8.570539347281537,8.570539347281537,-0.08525797304296745,0.0,-0.08525797304296745,-0.08525797304296745,-1042.727,240.6965,-1042.727,240.6965,4.502836,-1042.9843,239.57936,26.533955,22.089794,21.980644110080902,14.761603162995016,5.595336260841577,2536.408113997182,58,59000,[-908.76753328],[-1679.57645655],59,59000
-1009.7732786058721,-1009.7732786058721,-1009.7732786058721,0.0,1000.0,1000,1000,0.0,7.178446202270025,7.178446202270025,7.178446202270025,0.0,0.0,0,0,0.0,8.48528137423857,0.0,8.48528137423857,8.48528137423857,3.983277433409336,0.0,3.983277433409336,3.983277433409336,4.502003940829233,0.0,4.502003940829233,4.502003940829233,-998.9917,223.74973,-998.9917,223.74973,4.0634727,-1003.29346,222.85342,17.16677,17.512264,21.160966998861113,16.690540339004656,5.340026865094842,2579.5753733851307,59,60000,[-908.76753328],[-1474.32732813],60,60000
-1779.1647337060297,-1779.1647337060297,-1779.1647337060297,0.0,1000.0,1000,1000,0.0,3.80651882323773,3.80651882323773,3.80651882323773,0.0,0.0,0,0,0.0,8.48528137423857,0.0,8.48528137423857,8.48528137423857,5.507124390192868,0.0,5.507124390192868,5.507124390192868,2.978156984045701,0.0,2.978156984045701,2.978156984045701,-1007.3153,238.53992,-1007.3153,238.53992,3.8198025,-1007.97644,237.49535,19.756182,17.294662,21.02522498799226,16.667896603998088,5.318629854031315,2622.580919588152,60,61000,[-908.76753328],[-1646.31046714],61,61000
-1551.9070281284053,-1551.9070281284053,-1551.9070281284053,0.0,1000.0,1000,1000,0.0,5.703756381111896,5.703756381111896,5.703756381111896,0.0,0.0,0,0,0.0,8.48528137423857,0.0,8.48528137423857,8.48528137423857,5.141818392098761,0.0,5.141818392098761,5.141818392098761,3.3434629821398083,0.0,3.3434629821398083,3.3434629821398083,-1051.812,262.66995,-1051.812,262.66995,4.032143,-1055.0951,264.4762,20.617332,17.83797,21.235518204746768,16.664710257995466,5.380590338951151,2665.864182198842,61,62000,[-908.76753328],[-1441.08139852],62,62000
-1636.5033433298072,-1636.5033433298072,-1636.5033433298072,0.0,950.0,950,950,0.0,11.064883642989258,11.064883642989258,11.064883642989258,0.0,0.0,0,0,0.0,12.0,0.0,12.0,12.0,1.0106042547091674,0.0,1.0106042547091674,1.0106042547091674,10.989395745290832,0.0,10.989395745290832,10.989395745290832,-1054.673,250.52359,-1054.673,250.52359,3.9489846,-1052.5095,249.13185,21.07118,19.917168,21.083057206938975,16.671100261999527,5.321642557122686,2708.100891074915,62,63000,[-908.76753328],[-1877.1870916],63,63000
-1617.7827789190653,-1617.7827789190653,-1617.7827789190653,0.0,1000.0,1000,1000,0.0,4.325881305765604,4.325881305765604,4.325881305765604,0.0,0.0,0,0,0.0,8.48528137423857,0.0,8.48528137423857,8.48528137423857,5.489090777047524,0.0,5.489090777047524,5.489090777047524,2.9961905971910454,0.0,2.9961905971910454,2.9961905971910454,-1055.7795,249.05212,-1055.7795,249.05212,3.8009124,-1057.7172,249.39915,19.941956,16.808727,21.013686661106476,15.829856226999254,5.3059282229078235,2751.087506245931,63,64000,[-908.76753328],[-1740.56247011],64,64000
-1677.3206578648853,-1677.3206578648853,-1677.3206578648853,0.0,1000.0,1000,1000,0.0,8.214374603166705,8.214374603166705,8.214374603166705,0.0,0.0,0,0,0.0,8.48528137423857,0.0,8.48528137423857,8.48528137423857,7.279458063951171,0.0,7.279458063951171,7.279458063951171,1.205823310287399,0.0,1.205823310287399,1.205823310287399,-1055.9674,273.37103,-1055.9674,273.37103,4.0599627,-1056.831,273.3852,31.858038,27.926891,21.107120755084907,16.667080846003955,5.353054726976552,2794.220912289995,64,65000,[-908.76753328],[-983.12715206],66,65000
-1175.4335338591013,-1175.4335338591013,-1175.4335338591013,0.0,1000.0,1000,1000,0.0,7.519404634139692,7.519404634139692,7.519404634139692,0.0,0.0,0,0,0.0,8.48528137423857,0.0,8.48528137423857,8.48528137423857,3.14804972071507,0.0,3.14804972071507,3.14804972071507,5.337231653523499,0.0,5.337231653523499,5.337231653523499,-1046.135,271.38913,-1046.135,271.38913,3.8590236,-1048.3041,270.4694,19.922024,24.032806,20.983868941941182,16.675128907001636,5.341751074993226,2837.2074483079195,65,66000,[-908.76753328],[-1061.52623767],67,66000
-1743.8187691499297,-1743.8187691499297,-1743.8187691499297,0.0,1000.0,1000,1000,0.0,10.29409921494974,10.29409921494974,10.29409921494974,0.0,0.0,0,0,0.0,8.48528137423857,0.0,8.48528137423857,8.48528137423857,8.211865312945177,0.0,8.211865312945177,8.211865312945177,0.2734160612933927,0.0,0.2734160612933927,0.2734160612933927,-1066.1235,265.88608,-1066.1235,265.88608,3.89039,-1065.7747,266.5876,19.42538,17.343004,20.988127062162675,16.661531040001137,5.28148956901714,2880.1429015971007,66,67000,[-908.76753328],[-1591.93016883],68,67000
-1556.0903081888755,-1556.0903081888755,-1556.0903081888755,0.0,1000.0,1000,1000,0.0,9.587500850111628,9.587500850111628,9.587500850111628,0.0,0.0,0,0,0.0,8.48528137423857,0.0,8.48528137423857,8.48528137423857,6.9977922053572845,0.0,6.9977922053572845,6.9977922053572845,1.487489168881285,0.0,1.487489168881285,1.487489168881285,-1018.08105,227.94337,-1018.08105,227.94337,3.823416,-1018.09717,228.34824,21.572662,21.634521,21.02707348097465,16.670082903998264,5.288956029027759,2923.1303834391,67,68000,[-908.76753328],[-1346.15204223],69,68000
-1426.7447572384447,-1426.7447572384447,-1426.7447572384447,0.0,1000.0,1000,1000,0.0,9.515280460501844,9.515280460501844,9.515280460501844,0.0,0.0,0,0,0.0,8.48528137423857,0.0,8.48528137423857,8.48528137423857,6.629454939710998,0.0,6.629454939710998,6.629454939710998,1.8558264345275717,0.0,1.8558264345275717,1.8558264345275717,-1020.02386,267.86917,-1020.02386,267.86917,4.1476374,-1021.40894,266.50244,24.835125,25.098629,20.99181344804674,16.671510499996657,5.334137509009452,2966.131689935166,68,69000,[-908.76753328],[-1085.94741901],70,69000
-1330.505652385867,-1330.505652385867,-1330.505652385867,0.0,1000.0,1000,1000,0.0,4.532127272758376,4.532127272758376,4.532127272758376,0.0,0.0,0,0,0.0,8.48528137423857,0.0,8.48528137423857,8.48528137423857,4.704835736756915,0.0,4.704835736756915,4.704835736756915,3.7804456374816544,0.0,3.7804456374816544,3.7804456374816544,-1011.45654,248.26852,-1011.45654,248.26852,4.2199316,-1010.8666,248.04277,24.342493,19.131075,21.00496784412826,16.67584232900117,5.319219188932038,3009.11746978623,69,70000,[-908.76753328],[-1124.66088035],71,70000
-1687.49354801783,-1687.49354801783,-1687.49354801783,0.0,1000.0,1000,1000,0.0,2.428864187085413,2.428864187085413,2.428864187085413,0.0,0.0,0,0,0.0,8.48528137423857,0.0,8.48528137423857,8.48528137423857,6.117592067988561,0.0,6.117592067988561,6.117592067988561,2.367689306250009,0.0,2.367689306250009,2.367689306250009,-1000.59863,257.1961,-1000.59863,257.1961,3.7303467,-1001.73596,256.71735,17.656332,16.397041,21.027404380904045,16.662755016004667,5.305835079983808,3052.1198056021312,70,71000,[-908.76753328],[-1696.92742081],72,71000
-1543.926016273238,-1543.926016273238,-1543.926016273238,0.0,1000.0,1000,1000,0.0,5.6547270376389,5.6547270376389,5.6547270376389,0.0,0.0,0,0,0.0,8.48528137423857,0.0,8.48528137423857,8.48528137423857,4.08818999805857,0.0,4.08818999805857,4.08818999805857,4.39709137618,0.0,4.39709137618,4.39709137618,-1025.6528,267.4183,-1025.6528,267.4183,3.982102,-1029.4639,267.6319,18.870577,18.139048,21.03861466592207,16.672204139002133,5.344746582035441,3095.172353963091,71,72000,[-785.86232156],[-785.86232156],73,72000
-1658.7121809196542,-1658.7121809196542,-1658.7121809196542,0.0,1000.0,1000,1000,0.0,9.599261264511476,9.599261264511476,9.599261264511476,0.0,0.0,0,0,0.0,8.48528137423857,0.0,8.48528137423857,8.48528137423857,6.762919309444581,0.0,6.762919309444581,6.762919309444581,1.7223620647939883,0.0,1.7223620647939883,1.7223620647939883,-1033.2476,279.9779,-1033.2476,279.9779,4.2814817,-1036.8563,280.81732,20.81857,23.752342,21.02338117684849,16.671498812997015,5.293742835972807,3138.1580410909082,72,73000,[-785.86232156],[-1800.58204576],74,73000
-1330.2842310395984,-1330.2842310395984,-1330.2842310395984,0.0,1000.0,1000,1000,0.0,5.781904758902742,5.781904758902742,5.781904758902742,0.0,0.0,0,0,0.0,8.48528137423857,0.0,8.48528137423857,8.48528137423857,4.6030818812807075,0.0,4.6030818812807075,4.6030818812807075,3.882199492957862,0.0,3.882199492957862,3.882199492957862,-1023.1601,291.9172,-1023.1601,291.9172,3.9516387,-1025.0702,291.6965,21.850937,20.36422,21.06107945581607,16.67131305100338,5.316531353884784,3181.209282773627,73,74000,[-785.86232156],[-1792.47937695],75,74000
-1481.1664635792924,-1481.1664635792924,-1481.1664635792924,0.0,1000.0,1000,1000,0.0,7.757082298013935,7.757082298013935,7.757082298013935,0.0,0.0,0,0,0.0,8.48528137423857,0.0,8.48528137423857,8.48528137423857,4.870831440799137,0.0,4.870831440799137,4.870831440799137,3.614449933439433,0.0,3.614449933439433,3.614449933439433,-1014.98596,274.9344,-1014.98596,274.9344,3.8603587,-1014.4592,274.06934,20.499027,20.556858,21.046740185869567,16.67194403400208,5.307863191133947,3224.2284846166294,74,75000,[-785.86232156],[-1341.04231923],76,75000
-1427.9664875490607,-1427.9664875490607,-1427.9664875490607,0.0,1000.0,1000,1000,0.0,7.681561560067867,7.681561560067867,7.681561560067867,0.0,0.0,0,0,0.0,8.48528137423857,0.0,8.48528137423857,8.48528137423857,5.922672953032831,0.0,5.922672953032831,5.922672953032831,2.5626084212057387,0.0,2.5626084212057387,2.5626084212057387,-1017.2405,257.67535,-1017.2405,257.67535,3.9651768,-1022.30054,258.72656,18.924177,21.009634,21.072877393991803,16.66873499599751,5.325819906924153,3267.2953347265284,75,76000,[-785.86232156],[-1678.15252792],77,76000
-1259.1628657130666,-1259.1628657130666,-1259.1628657130666,0.0,1000.0,1000,1000,0.0,7.4022834194988425,7.4022834194988425,7.4022834194988425,0.0,0.0,0,0,0.0,8.48528137423857,0.0,8.48528137423857,8.48528137423857,2.6591631024256106,0.0,2.6591631024256106,2.6591631024256106,5.826118271812959,0.0,5.826118271812959,5.826118271812959,-999.5928,250.72833,-999.5928,250.72833,4.041733,-1000.35156,250.22768,22.880573,19.981184,21.027898055050173,16.669076282996684,5.329378929054656,3310.3166006156243,76,77000,[-785.86232156],[-1549.74349898],78,77000
-1382.750074675628,-1382.750074675628,-1382.750074675628,0.0,1000.0,1000,1000,0.0,6.808997909713358,6.808997909713358,6.808997909713358,0.0,0.0,0,0,0.0,8.48528137423857,0.0,8.48528137423857,8.48528137423857,5.857312429101043,0.0,5.857312429101043,5.857312429101043,2.6279689451375265,0.0,2.6279689451375265,2.6279689451375265,-1002.8646,280.9875,-1002.8646,280.9875,4.0807095,-1007.505,280.7858,22.871315,20.966839,21.015329600886616,16.662322135998693,5.300398183986545,3353.2992273684868,77,78000,[-785.86232156],[-938.2048605],80,78000
-695.790001766988,-695.790001766988,-695.790001766988,0.0,405.0,405,405,0.0,11.452345116322794,11.452345116322794,11.452345116322794,0.0,0.0,0,0,0.0,12.0,0.0,12.0,12.0,1.0071796169518041,0.0,1.0071796169518041,1.0071796169518041,10.992820383048196,0.0,10.992820383048196,10.992820383048196,-998.20734,265.35312,-998.20734,265.35312,3.7850356,-999.651,264.49762,24.234959,20.800072,21.137674739082286,16.668642086995533,5.289116776075389,3783.7500102666454,78,79000,[-785.86232156],[-1346.91179268],81,79000
-1193.9511785396323,-1193.9511785396323,-1193.9511785396323,0.0,1000.0,1000,1000,0.0,6.8785825261487625,6.8785825261487625,6.8785825261487625,0.0,0.0,0,0,0.0,8.48528137423857,0.0,8.48528137423857,8.48528137423857,2.774227062735471,0.0,2.774227062735471,2.774227062735471,5.711054311503099,0.0,5.711054311503099,5.711054311503099,-995.79895,260.45154,-995.79895,260.45154,3.7500648,-997.1786,262.20013,22.341085,19.808973,21.038123195976368,404.02477976200316,5.23253107083292,4809.042797653434,79,80000,[-785.86232156],[-1202.98406007],82,80000
-1363.0574972149557,-1363.0574972149557,-1363.0574972149557,0.0,1000.0,1000,1000,0.0,6.334255292867799,6.334255292867799,6.334255292867799,0.0,0.0,0,0,0.0,8.48528137423857,0.0,8.48528137423857,8.48528137423857,2.715781666212968,0.0,2.715781666212968,2.715781666212968,5.769499708025601,0.0,5.769499708025601,5.769499708025601,-966.2931,261.5664,-966.2931,261.5664,3.9858146,-967.24396,261.2687,19.315645,19.252666,21.049599275946093,999.023024727001,5.238411832920974,5834.353697080311,80,81000,[-785.86232156],[-1439.49512885],83,81000
-1145.3338198802694,-1145.3338198802694,-1145.3338198802694,0.0,778.0,778,778,0.0,11.676398638771918,11.676398638771918,11.676398638771918,0.0,0.0,0,0,0.0,12.0,0.0,12.0,12.0,1.00400729606176,0.0,1.00400729606176,1.00400729606176,10.99599270393824,0.0,10.99599270393824,10.99599270393824,-993.0095,235.95805,-993.0095,235.95805,3.9353733,-995.81696,235.51634,23.783894,20.055017,21.032793140097056,999.0265901409948,5.284251422941452,6637.695944591345,81,82000,[-785.86232156],[-1453.86276208],84,82000
-1544.1437973631657,-1544.1437973631657,-1544.1437973631657,0.0,1000.0,1000,1000,0.0,7.656100007409158,7.656100007409158,7.656100007409158,0.0,0.0,0,0,0.0,8.48528137423857,0.0,8.48528137423857,8.48528137423857,6.9750103833062465,0.0,6.9750103833062465,6.9750103833062465,1.510270990932323,0.0,1.510270990932323,1.510270990932323,-968.4459,280.41702,-968.4459,280.41702,4.13494,-970.08545,278.5184,24.311115,26.166954,21.0418159751207,777.0248441149961,5.253178162092809,7663.014629175552,82,83000,[-785.86232156],[-1176.58825586],85,83000
-1435.1347819562243,-1435.1347819562243,-1435.1347819562243,0.0,1000.0,1000,1000,0.0,7.887385847345919,7.887385847345919,7.887385847345919,0.0,0.0,0,0,0.0,8.48528137423857,0.0,8.48528137423857,8.48528137423857,5.676789677356361,0.0,5.676789677356361,5.676789677356361,2.808491696882209,0.0,2.808491696882209,2.808491696882209,-1003.1177,277.05984,-1003.1177,277.05984,3.7852674,-1004.79846,278.03165,24.021498,27.623152,21.037757088502985,999.0260253149972,5.285348713732674,8688.362472445762,83,84000,[-785.86232156],[-1172.14994983],86,84000
-875.4966632802222,-875.4966632802222,-875.4966632802222,0.0,559.0,559,559,0.0,11.95125307062637,11.95125307062637,11.95125307062637,0.0,0.0,0,0,0.0,12.0,0.0,12.0,12.0,1.0134703163150238,0.0,1.0134703163150238,1.0134703163150238,10.986529683684976,0.0,10.986529683684976,10.986529683684976,-998.9624,256.7388,-998.9624,256.7388,3.8381007,-1006.9391,258.20395,27.30753,20.097443,21.010038392138085,999.023308134987,5.268789857684169,9272.661533914594,84,85000,[-755.97028459],[-755.97028459],87,85000
-2340.875041121215,-2340.875041121215,-2340.875041121215,0.0,1000.0,1000,1000,0.0,3.587647953278592,3.587647953278592,3.587647953278592,0.0,0.0,0,0,0.0,12.0,0.0,12.0,12.0,8.456202626993143,0.0,8.456202626993143,8.456202626993143,3.543797373006857,0.0,3.543797373006857,3.543797373006857,-1023.9684,274.45047,-1023.9684,274.45047,3.658584,-1025.4495,274.42416,20.80555,19.153461,21.02548952276993,558.0248148179962,5.284936337950057,10297.997023059346,85,86000,[-755.97028459],[-1816.54798785],88,86000
-1403.4317856824573,-1403.4317856824573,-1403.4317856824573,0.0,1000.0,1000,1000,0.0,4.63358628638375,4.63358628638375,4.63358628638375,0.0,0.0,0,0,0.0,8.48528137423857,0.0,8.48528137423857,8.48528137423857,4.943541231690659,0.0,4.943541231690659,4.943541231690659,3.5417401425479103,0.0,3.5417401425479103,3.5417401425479103,-1008.9032,284.531,-1008.9032,284.531,3.7269206,-1011.5017,284.41266,22.964037,19.09341,20.995068930787966,999.0241229630046,5.2975537381717,10396.103300641305,86,87000,[-710.8667745],[-710.8667745],90,87000
-1169.880228592494,-1169.880228592494,-1169.880228592494,0.0,1000.0,1000,1000,0.0,7.560536254388452,7.560536254388452,7.560536254388452,0.0,0.0,0,0,0.0,8.48528137423857,0.0,8.48528137423857,8.48528137423857,3.081921773014797,0.0,3.081921773014797,3.081921773014797,5.403359601223773,0.0,5.403359601223773,5.403359601223773,-1013.8462,290.56015,-1013.8462,290.56015,3.7305837,-1014.0391,291.06836,20.665936,21.518112,21.06771387498884,71.81424658300239,5.323515696742106,10439.170652056055,87,88000,[-710.8667745],[-745.03807857],91,88000
-1408.8483949976662,-1408.8483949976662,-1408.8483949976662,0.0,1000.0,1000,1000,0.0,6.706037192201649,6.706037192201649,6.706037192201649,0.0,0.0,0,0,0.0,12.0,0.0,12.0,12.0,5.429776647491403,0.0,5.429776647491403,5.429776647491403,6.570223352508597,0.0,6.570223352508597,6.570223352508597,-997.1471,262.60916,-997.1471,262.60916,3.8783975,-997.86597,263.35312,21.580738,21.816368,21.075895004090853,16.678320375998737,5.302688978146762,10482.223158350287,88,89000,[-710.8667745],[-1007.2223822],93,89000
-1301.2949075467072,-1301.2949075467072,-1301.2949075467072,0.0,1000.0,1000,1000,0.0,7.743099514366754,7.743099514366754,7.743099514366754,0.0,0.0,0,0,0.0,8.48528137423857,0.0,8.48528137423857,8.48528137423857,3.2022947282704313,0.0,3.2022947282704313,3.2022947282704313,5.282986645968139,0.0,5.282986645968139,5.282986645968139,-975.31335,278.572,-975.31335,278.572,4.089504,-978.6043,278.97702,24.873226,22.411186,21.03844382079842,16.676711042993702,5.309674838936189,10525.241935258018,89,90000,[-710.8667745],[-915.34891722],94,90000
-766.7776945662661,-766.7776945662661,-766.7776945662661,0.0,589.0,589,589,0.0,11.476872537937469,11.476872537937469,11.476872537937469,0.0,0.0,0,0,0.0,12.0,0.0,12.0,12.0,1.0046816388919866,0.0,1.0046816388919866,1.0046816388919866,10.995318361108014,0.0,10.995318361108014,10.995318361108014,-976.7128,290.4111,-976.7128,290.4111,4.1066446,-975.3541,291.08276,32.76803,21.764885,21.09072729185573,16.66959350099205,5.2903523072600365,10561.444378219123,90,91000,[-710.8667745],[-1169.51947907],95,91000
-900.0827134777892,-900.0827134777892,-900.0827134777892,0.0,469.0,469,469,0.0,11.50635321610789,11.50635321610789,11.50635321610789,0.0,0.0,0,0,0.0,12.0,0.0,12.0,12.0,1.0070745273421262,0.0,1.0070745273421262,1.0070745273421262,10.992925472657873,0.0,10.992925472657873,10.992925472657873,-1001.962,272.98013,-1001.962,272.98013,3.94738,-1004.76886,272.8596,23.889294,23.241978,21.04486390123202,9.822277875995496,5.3687455012404826,10595.678645039588,91,92000,[-710.8667745],[-887.93355487],97,92000
-1321.8820976588386,-1321.8820976588386,-1321.8820976588386,0.0,1000.0,1000,1000,0.0,6.889445308403348,6.889445308403348,6.889445308403348,0.0,0.0,0,0,0.0,8.48528137423857,0.0,8.48528137423857,8.48528137423857,5.014116911938785,0.0,5.014116911938785,5.014116911938785,3.471164462299784,0.0,3.471164462299784,3.471164462299784,-970.25824,296.34186,-970.25824,296.34186,4.0561247,-970.0708,295.92035,20.740627,20.538967,21.06278479503817,7.82292344099551,5.292679517195211,10638.696983123824,92,93000,[-710.8667745],[-1770.42265628],98,93000
-1581.3134307081295,-1581.3134307081295,-1581.3134307081295,0.0,1000.0,1000,1000,0.0,4.547143458327063,4.547143458327063,4.547143458327063,0.0,0.0,0,0,0.0,8.48528137423857,0.0,8.48528137423857,8.48528137423857,5.082488621370099,0.0,5.082488621370099,5.082488621370099,3.4027927528684705,0.0,3.4027927528684705,3.4027927528684705,-987.9627,307.21954,-987.9627,307.21954,3.6702232,-990.77014,308.37177,16.55663,18.554909,21.061875052779214,16.667759542004205,5.285539331904147,10681.717444546506,93,94000,[-710.8667745],[-984.45991233],99,94000
-1452.2214398889987,-1452.2214398889987,-1452.2214398889987,0.0,1000.0,1000,1000,0.0,8.554930092114589,8.554930092114589,8.554930092114589,0.0,0.0,0,0,0.0,8.48528137423857,0.0,8.48528137423857,8.48528137423857,5.899216137085083,0.0,5.899216137085083,5.899216137085083,2.5860652371534867,0.0,2.5860652371534867,2.5860652371534867,-975.85315,298.6601,-975.85315,298.6601,3.8981268,-976.072,298.8753,19.08514,18.365278,21.024483861998306,16.670628955005668,5.30501145204471,10724.719950537547,94,95000,[-710.8667745],[-1770.08878386],100,95000
-1417.2980723034664,-1417.2980723034664,-1417.2980723034664,0.0,1000.0,1000,1000,0.0,4.9560167527887256,4.9560167527887256,4.9560167527887256,0.0,0.0,0,0,0.0,8.48528137423857,0.0,8.48528137423857,8.48528137423857,4.751155709858108,0.0,4.751155709858108,4.751155709858108,3.7341256643804615,0.0,3.7341256643804615,3.7341256643804615,-988.1439,282.77164,-988.1439,282.77164,4.009419,-987.3688,283.14044,29.063694,23.708641,21.0809325123264,16.677732966010808,5.298598880995996,10767.771431885878,95,96000,[-710.8667745],[-1267.87181589],101,96000
-1244.5086171874182,-1244.5086171874182,-1244.5086171874182,0.0,1000.0,1000,1000,0.0,8.048197972715794,8.048197972715794,8.048197972715794,0.0,0.0,0,0,0.0,8.48528137423857,0.0,8.48528137423857,8.48528137423857,5.251985923137532,0.0,5.251985923137532,5.251985923137532,3.2332954511010374,0.0,3.2332954511010374,3.2332954511010374,-959.74976,287.25983,-959.74976,287.25983,4.3711405,-960.3307,287.12766,23.503157,20.344212,21.032077338153613,16.67031122800836,5.305424618796678,10810.772358479866,96,97000,[-626.55052323],[-626.55052323],103,97000
-1384.3809450350643,-1384.3809450350643,-1384.3809450350643,0.0,1000.0,1000,1000,0.0,6.718443144870476,6.718443144870476,6.718443144870476,0.0,0.0,0,0,0.0,8.48528137423857,0.0,8.48528137423857,8.48528137423857,2.994394528962007,0.0,2.994394528962007,2.994394528962007,5.490886845276563,0.0,5.490886845276563,5.490886845276563,-988.7815,302.5954,-988.7815,302.5954,4.141612,-992.7438,301.9708,21.516544,24.565956,21.100437608998618,16.666187299008016,5.323531102199922,10853.857040756047,97,98000,[-626.55052323],[-1154.55832887],104,98000
-661.8489768960857,-661.8489768960857,-661.8489768960857,0.0,438.0,438,438,0.0,11.015914645216078,11.015914645216078,11.015914645216078,0.0,0.0,0,0,0.0,12.0,0.0,12.0,12.0,1.0093870737899786,0.0,1.0093870737899786,1.0093870737899786,10.990612926210021,0.0,10.990612926210021,10.990612926210021,-981.67786,281.6477,-981.67786,281.6477,4.0478745,-986.8689,282.62027,21.904552,23.341728,21.025943854721845,16.661901022991515,5.256189086852828,10887.443042018625,98,99000,[-626.55052323],[-662.68526958],105,99000
-1500.9307300352352,-1500.9307300352352,-1500.9307300352352,0.0,1000.0,1000,1000,0.0,7.638275658823498,7.638275658823498,7.638275658823498,0.0,0.0,0,0,0.0,8.48528137423857,0.0,8.48528137423857,8.48528137423857,5.0044307969906265,0.0,5.0044307969906265,5.0044307969906265,3.480850577247943,0.0,3.480850577247943,3.480850577247943,-975.6531,272.32068,-975.6531,272.32068,3.850853,-984.103,274.48166,28.70839,31.099789,21.055215110100107,7.304779384998255,5.350649270229042,10930.547226931929,99,100000,[-626.55052323],[-786.01416008],107,100000
-701.0117410308169,-701.0117410308169,-701.0117410308169,0.0,376.0,376,376,0.0,11.344691803335678,11.344691803335678,11.344691803335678,0.0,0.0,0,0,0.0,12.0,0.0,12.0,12.0,1.021624070518187,0.0,1.021624070518187,1.021624070518187,10.978375929481814,0.0,10.978375929481814,10.978375929481814,-964.05115,306.55988,-964.05115,306.55988,3.9044008,-968.9135,306.47812,23.723171,17.689877,21.08193567719718,16.698519785000826,5.315178744014702,10963.212980383149,100,101000,[-522.66886354],[-522.66886354],109,101000
-1591.4736991253435,-1591.4736991253435,-1591.4736991253435,0.0,1000.0,1000,1000,0.0,9.671935684119807,9.671935684119807,9.671935684119807,0.0,0.0,0,0,0.0,8.48528137423857,0.0,8.48528137423857,8.48528137423857,7.491594516824928,0.0,7.491594516824928,7.491594516824928,0.9936868574136417,0.0,0.9936868574136417,0.9936868574136417,-950.68506,316.53662,-950.68506,316.53662,4.354593,-953.77924,315.26456,19.287859,21.214584,21.010355009872,6.273074383992935,5.237433084170334,11006.132837455167,101,102000,[-522.66886354],[-1412.80840554],110,102000
-1061.0749925496723,-1061.0749925496723,-1061.0749925496723,0.0,1000.0,1000,1000,0.0,8.06522053329456,8.06522053329456,8.06522053329456,0.0,0.0,0,0,0.0,8.48528137423857,0.0,8.48528137423857,8.48528137423857,2.0710616640121655,0.0,2.0710616640121655,2.0710616640121655,6.414219710226404,0.0,6.414219710226404,6.414219710226404,-984.74976,306.97476,-984.74976,306.97476,4.042707,-984.4535,307.93765,22.778858,22.4949,21.00977732683532,16.672318971992354,5.324645055166911,11287.185190582168,102,103000,[-522.66886354],[-720.48887262],111,103000
-1556.1307062645672,-1556.1307062645672,-1556.1307062645672,0.0,1000.0,1000,1000,0.0,6.865653260862366,6.865653260862366,6.865653260862366,0.0,0.0,0,0,0.0,8.48528137423857,0.0,8.48528137423857,8.48528137423857,5.286555210675922,0.0,5.286555210675922,5.286555210675922,3.1987261635626476,0.0,3.1987261635626476,3.1987261635626476,-973.98596,283.33246,-973.98596,283.33246,4.4644823,-974.9401,282.56305,26.074776,21.276268,21.022148116200697,254.71999777700694,5.269138141098665,12312.500233320432,103,104000,[-522.66886354],[-1443.06758084],112,104000
-1511.7134953869659,-1511.7134953869659,-1511.7134953869659,0.0,1000.0,1000,1000,0.0,9.330490968881096,9.330490968881096,9.330490968881096,0.0,0.0,0,0,0.0,8.48528137423857,0.0,8.48528137423857,8.48528137423857,6.322305789119487,0.0,6.322305789119487,6.322305789119487,2.1629755851190824,0.0,2.1629755851190824,2.1629755851190824,-957.31445,326.0511,-957.31445,326.0511,3.859518,-957.90344,325.94238,24.999641,26.831324,21.066513199955807,999.023647080001,5.239275254134554,13337.82876822153,104,105000,[-522.66886354],[-1451.82951425],113,105000
-981.6594332928603,-981.6594332928603,-981.6594332928603,0.0,960.0,960,960,0.0,8.330676846238976,8.330676846238976,8.330676846238976,0.0,0.0,0,0,0.0,8.48528137423857,0.0,8.48528137423857,8.48528137423857,1.0067078579994657,0.0,1.0067078579994657,1.0067078579994657,7.478573516239104,0.0,7.478573516239104,7.478573516239104,-972.864,324.27994,-972.864,324.27994,4.097415,-974.6789,323.08054,24.007122,22.470358,21.03092303806625,999.0235922099964,5.287373693267,14323.168636598857,105,106000,[-522.66886354],[-768.61571356],114,106000
-968.5061248114711,-968.5061248114711,-968.5061248114711,0.0,1000.0,1000,1000,0.0,7.68070435550421,7.68070435550421,7.68070435550421,0.0,0.0,0,0,0.0,8.48528137423857,0.0,8.48528137423857,8.48528137423857,1.903645720219136,0.0,1.903645720219136,1.903645720219136,6.581635654019434,0.0,6.581635654019434,6.581635654019434,-919.2632,303.27377,-919.2632,303.27377,3.6891074,-920.5854,304.1002,19.899492,18.892365,21.027682712185197,959.0256943279965,5.267319296719506,15348.48811146077,106,107000,[-522.66886354],[-1001.00787911],115,107000
-401.13427386698265,-401.13427386698265,-401.13427386698265,0.0,284.0,284,284,0.0,11.151338584521907,11.151338584521907,11.151338584521907,0.0,0.0,0,0,0.0,12.0,0.0,12.0,12.0,1.0059348192363189,0.0,1.0059348192363189,1.0059348192363189,10.99406518076368,0.0,10.99406518076368,10.99406518076368,-943.3319,315.30447,-943.3319,315.30447,3.8552938,-944.3442,315.1304,34.265106,37.575024,21.063430334921577,999.0284087980108,5.304515626936336,15657.880685674609,107,108000,[-522.66886354],[-1228.30942434],116,108000
-1111.2015744558998,-1111.2015744558998,-1111.2015744558998,0.0,1000.0,1000,1000,0.0,7.849465551212129,7.849465551212129,7.849465551212129,0.0,0.0,0,0,0.0,8.48528137423857,0.0,8.48528137423857,8.48528137423857,2.6988280839203402,0.0,2.6988280839203402,2.6988280839203402,5.78645329031823,0.0,5.78645329031823,5.78645329031823,-907.57764,324.5528,-907.57764,324.5528,3.76133,-911.807,324.60895,21.965118,22.584087,21.016451138013508,283.02273688498826,5.270317964270362,16683.189893670904,108,109000,[-522.66886354],[-1511.18027571],117,109000
-503.82988462558643,-503.82988462558643,-503.82988462558643,0.0,417.0,417,417,0.0,11.094669246449408,11.094669246449408,11.094669246449408,0.0,0.0,0,0,0.0,12.0,0.0,12.0,12.0,1.0105024271359053,0.0,1.0105024271359053,1.0105024271359053,10.989497572864094,0.0,10.989497572864094,10.989497572864094,-942.4157,304.51605,-942.4157,304.51605,3.7084272,-946.60315,305.65555,30.070528,27.39986,21.009949350147508,999.0238972070074,5.305911215749802,17125.529888627832,109,110000,[-323.77279422],[-658.23753297],120,110000
-963.8338230262561,-963.8338230262561,-963.8338230262561,0.0,1000.0,1000,1000,0.0,8.191580773553218,8.191580773553218,8.191580773553218,0.0,0.0,0,0,0.0,8.48528137423857,0.0,8.48528137423857,8.48528137423857,1.261713319389498,0.0,1.261713319389498,1.261713319389498,7.223568054849071,0.0,7.223568054849071,7.223568054849071,-955.6664,285.94144,-955.6664,285.94144,4.1023717,-956.8519,285.27994,40.524532,43.352688,21.05269170111569,416.0290743020014,5.282905604530242,17702.57834898545,110,111000,[-323.77279422],[-1487.57586166],121,111000
-1273.115560070963,-1273.115560070963,-1273.115560070963,0.0,1000.0,1000,1000,0.0,7.831672922670447,7.831672922670447,7.831672922670447,0.0,0.0,0,0,0.0,8.48528137423857,0.0,8.48528137423857,8.48528137423857,4.459951372270944,0.0,4.459951372270944,4.459951372270944,4.0253300019676255,0.0,4.0253300019676255,4.0253300019676255,-940.0718,293.07196,-940.0718,293.07196,4.168482,-941.2606,293.4514,25.065672,25.559483,21.196291327127255,550.7112058649946,5.3498492290091235,17745.8016599026,111,112000,[-323.77279422],[-1048.60971184],122,112000
-1412.7817421317768,-1412.7817421317768,-1412.7817421317768,0.0,1000.0,1000,1000,0.0,7.65377748787717,7.65377748787717,7.65377748787717,0.0,0.0,0,0,0.0,8.48528137423857,0.0,8.48528137423857,8.48528137423857,5.131485427914474,0.0,5.131485427914474,5.131485427914474,3.3537959463240954,0.0,3.3537959463240954,3.3537959463240954,-940.1362,328.0441,-940.1362,328.0441,3.9195728,-938.64856,327.5518,20.984291,17.159,21.070768132995,16.679681979992893,5.304314818698913,17788.850348871303,112,113000,[-323.77279422],[-976.92568583],123,113000
-821.965169730637,-821.965169730637,-821.965169730637,0.0,1000.0,1000,1000,0.0,8.641171496093364,8.641171496093364,8.641171496093364,0.0,0.0,0,0,0.0,12.0,0.0,12.0,12.0,3.3849109669136634,0.0,3.3849109669136634,3.3849109669136634,8.615089033086337,0.0,8.615089033086337,8.615089033086337,-920.83966,302.20422,-920.83966,302.20422,4.170498,-921.30194,302.56293,27.716938,24.558155,21.28346162327216,16.6741569529986,5.363192078380962,17832.171543831966,113,114000,[-323.77279422],[-964.66516804],124,114000
-1599.0331535821228,-1599.0331535821228,-1599.0331535821228,0.0,1000.0,1000,1000,0.0,9.791632433426019,9.791632433426019,9.791632433426019,0.0,0.0,0,0,0.0,8.48528137423857,0.0,8.48528137423857,8.48528137423857,6.841229797232069,0.0,6.841229797232069,6.841229797232069,1.6440515770065005,0.0,1.6440515770065005,1.6440515770065005,-950.9548,292.37164,-950.9548,292.37164,3.7842603,-952.4973,294.16592,21.677235,20.322151,21.028490932119894,16.6764163379994,5.322304096756852,17875.19124863186,114,115000,[-323.77279422],[-704.13527879],125,115000
-1513.130411767278,-1513.130411767278,-1513.130411767278,0.0,1000.0,1000,1000,0.0,6.824232186651836,6.824232186651836,6.824232186651836,0.0,0.0,0,0,0.0,8.48528137423857,0.0,8.48528137423857,8.48528137423857,5.468719489502873,0.0,5.468719489502873,5.468719489502873,3.0165618847356965,0.0,3.0165618847356965,3.0165618847356965,-947.4871,310.92252,-947.4871,310.92252,4.080303,-947.84827,311.7222,24.201374,24.3671,21.045388289290713,16.67243829400104,5.346388536112499,17918.257441720285,115,116000,[-323.77279422],[-1100.82148479],126,116000
-1208.5763799051356,-1208.5763799051356,-1208.5763799051356,0.0,1000.0,1000,1000,0.0,7.42851542543292,7.42851542543292,7.42851542543292,0.0,0.0,0,0,0.0,8.48528137423857,0.0,8.48528137423857,8.48528137423857,2.5487218574176294,0.0,2.5487218574176294,2.5487218574176294,5.936559516820941,0.0,5.936559516820941,5.936559516820941,-943.10754,316.29932,-943.10754,316.29932,3.8489852,-946.59155,317.00443,16.68845,18.260704,21.14613482482673,16.673700311002904,5.344304661077331,17961.40898249019,116,117000,[-323.77279422],[-443.86910177],128,117000
-657.6658312381065,-657.6658312381065,-657.6658312381065,0.0,480.0,480,480,0.0,11.767622071242997,11.767622071242997,11.767622071242997,0.0,0.0,0,0,0.0,12.0,0.0,12.0,12.0,1.0016450750349002,0.0,1.0016450750349002,1.0016450750349002,10.9983549249651,0.0,10.9983549249651,10.9983549249651,-916.5154,306.73938,-916.5154,306.73938,3.6820865,-917.96875,305.91327,19.25125,16.771656,21.13588877778966,16.663388790999306,5.364594818252954,17995.927942904236,117,118000,[-323.77279422],[-871.21828376],129,118000
-1380.2212773247252,-1380.2212773247252,-1380.2212773247252,0.0,1000.0,1000,1000,0.0,8.186421862652619,8.186421862652619,8.186421862652619,0.0,0.0,0,0,0.0,8.48528137423857,0.0,8.48528137423857,8.48528137423857,5.849483080235871,0.0,5.849483080235871,5.849483080235871,2.635798294002699,0.0,2.635798294002699,2.635798294002699,-869.354,290.48474,-869.354,290.48474,3.6864235,-866.94684,290.72122,24.702742,25.079964,21.233227758086286,8.023537212997326,5.351884064890328,18039.176243562193,118,119000,[-323.77279422],[-1089.9053785],130,119000
-782.3669178310046,-782.3669178310046,-782.3669178310046,0.0,408.0,408,408,0.0,10.974886786945799,10.974886786945799,10.974886786945799,0.0,0.0,0,0,0.0,12.0,0.0,12.0,12.0,1.0164191856513034,0.0,1.0164191856513034,1.0164191856513034,10.983580814348697,0.0,10.983580814348697,10.983580814348697,-910.1112,307.95023,-910.1112,307.95023,3.893383,-908.8423,307.86545,25.813488,26.845947,21.909971431829035,16.66384656498849,5.543089622020489,18073.42705446905,119,120000,[-323.77279422],[-958.73542334],131,120000
-974.513779703663,-974.513779703663,-974.513779703663,0.0,1000.0,1000,1000,0.0,8.071117180468772,8.071117180468772,8.071117180468772,0.0,0.0,0,0,0.0,8.48528137423857,0.0,8.48528137423857,8.48528137423857,1.792565124757471,0.0,1.792565124757471,1.792565124757471,6.692716249481099,0.0,6.692716249481099,6.692716249481099,-897.5067,314.47522,-897.5067,314.47522,4.0310774,-902.1676,314.68604,21.333183,24.070992,21.329543018786353,6.8006450360117014,5.361133623766364,18116.793885379593,120,121000,[-323.77279422],[-1266.19478828],132,121000
-1447.520926157075,-1447.520926157075,-1447.520926157075,0.0,1000.0,1000,1000,0.0,8.358020786441953,8.358020786441953,8.358020786441953,0.0,0.0,0,0,0.0,8.48528137423857,0.0,8.48528137423857,8.48528137423857,5.715476822449289,0.0,5.715476822449289,5.715476822449289,2.7698045517892806,0.0,2.7698045517892806,2.7698045517892806,-920.01495,312.1049,-920.01495,312.1049,3.9120467,-918.8237,310.6322,22.702723,21.209793,21.192135182966013,16.677157672995236,5.345725824197871,18159.995682522756,121,122000,[-323.77279422],[-427.92977832],135,122000
-1125.0497126054358,-1125.0497126054358,-1125.0497126054358,0.0,1000.0,1000,1000,0.0,7.389230907847321,7.389230907847321,7.389230907847321,0.0,0.0,0,0,0.0,8.48528137423857,0.0,8.48528137423857,8.48528137423857,4.192705337224551,0.0,4.192705337224551,4.192705337224551,4.292576037014019,0.0,4.292576037014019,4.292576037014019,-958.4588,306.96924,-958.4588,306.96924,3.705391,-958.7639,306.29794,26.540998,23.045643,21.114156478914083,16.66606978699565,5.334880924172467,18203.115271484858,122,123000,[-323.77279422],[-1191.51807199],136,123000
-365.64708617153053,-365.64708617153053,-365.64708617153053,0.0,244.0,244,244,0.0,10.985010742892321,10.985010742892321,10.985010742892321,0.0,0.0,0,0,0.0,12.0,0.0,12.0,12.0,1.033217190005832,0.0,1.033217190005832,1.033217190005832,10.966782809994168,0.0,10.966782809994168,10.966782809994168,-901.8651,292.1743,-901.8651,292.1743,3.9327292,-901.5,292.4592,25.964787,24.114666,21.377562193083577,16.672207494004397,5.458233677156386,18234.016037852125,123,124000,[-323.77279422],[-645.89199203],137,124000
-763.0916253636883,-763.0916253636883,-763.0916253636883,0.0,861.0,861,861,0.0,11.440175298164721,11.440175298164721,11.440175298164721,0.0,0.0,0,0,0.0,12.0,0.0,12.0,12.0,1.0075717206428452,0.0,1.0075717206428452,1.0075717206428452,10.992428279357155,0.0,10.992428279357155,10.992428279357155,-947.7709,324.2651,-947.7709,324.2651,3.6741917,-949.8519,323.3868,51.893898,49.27271,21.064951449268847,4.066772525009583,5.309983715080307,18274.751824945473,124,125000,[-323.77279422],[-495.85343848],139,125000
-314.3454128165772,-314.3454128165772,-314.3454128165772,0.0,178.0,178,178,0.0,11.935106710542268,11.935106710542268,11.935106710542268,0.0,0.0,0,0,0.0,12.0,0.0,12.0,12.0,1.018513103757147,0.0,1.018513103757147,1.018513103757147,10.981486896242853,0.0,10.981486896242853,10.981486896242853,-892.4084,315.2961,-892.4084,315.2961,3.9004445,-892.5287,313.7833,22.720757,23.971012,21.27759434876498,14.359703601003275,5.346198407743941,18304.349828765015,125,126000,[-323.77279422],[-1698.24507073],140,126000
-795.0140180382573,-795.0140180382573,-795.0140180382573,0.0,951.0,951,951,0.0,7.533327319902393,7.533327319902393,7.533327319902393,0.0,0.0,0,0,0.0,8.48528137423857,0.0,8.48528137423857,8.48528137423857,1.0029820682114376,0.0,1.0029820682114376,1.0029820682114376,7.482299306027132,0.0,7.482299306027132,7.482299306027132,-946.243,319.94922,-946.243,319.94922,3.744249,-948.7008,317.754,38.69364,32.753895,21.35996688186424,2.9756934060133062,5.4862935777928215,18347.055109637673,126,127000,[-323.77279422],[-1954.56210791],141,127000
-920.7818932151195,-920.7818932151195,-920.7818932151195,0.0,849.0,849,849,0.0,8.13703551455579,8.13703551455579,8.13703551455579,0.0,0.0,0,0,0.0,8.48528137423857,0.0,8.48528137423857,8.48528137423857,1.0029728690725146,0.0,1.0029728690725146,1.0029728690725146,7.4823085051660545,0.0,7.4823085051660545,7.4823085051660545,-885.4669,316.4729,-885.4669,316.4729,3.7811236,-889.71857,315.72464,22.295042,24.23745,21.478432793883258,15.863972197999828,5.415253508122987,18388.10395720668,127,128000,[-323.77279422],[-1365.30758429],142,128000
-1259.6071154504716,-1259.6071154504716,-1259.6071154504716,0.0,1000.0,1000,1000,0.0,6.782857413592908,6.782857413592908,6.782857413592908,0.0,0.0,0,0,0.0,8.48528137423857,0.0,8.48528137423857,8.48528137423857,3.2030649778474016,0.0,3.2030649778474016,3.2030649778474016,5.282216396391168,0.0,5.282216396391168,5.282216396391168,-908.9502,306.96216,-908.9502,306.96216,4.085725,-906.6765,308.69785,34.65269,30.362974,21.394991462264443,14.154023921000771,5.392368722968968,18431.55919642691,128,129000,[-323.77279422],[-1827.99664859],143,129000
-1208.2809499094415,-1208.2809499094415,-1208.2809499094415,0.0,1000.0,1000,1000,0.0,7.987639046601641,7.987639046601641,7.987639046601641,0.0,0.0,0,0,0.0,8.48528137423857,0.0,8.48528137423857,8.48528137423857,4.776923984020373,0.0,4.776923984020373,4.776923984020373,3.7083573902181968,0.0,3.7083573902181968,3.7083573902181968,-894.2447,323.30997,-894.2447,323.30997,4.2160873,-893.88776,322.2417,26.125938,23.428753,21.25375202408759,16.668498603001353,5.318437151116086,18474.803497454064,129,130000,[-323.77279422],[-1514.46946414],144,130000
-1482.5655060605727,-1482.5655060605727,-1482.5655060605727,0.0,1000.0,1000,1000,0.0,6.768915792038656,6.768915792038656,6.768915792038656,0.0,0.0,0,0,0.0,8.48528137423857,0.0,8.48528137423857,8.48528137423857,4.776631988808918,0.0,4.776631988808918,4.776631988808918,3.708649385429651,0.0,3.708649385429651,3.708649385429651,-964.59265,319.8491,-964.59265,319.8491,3.7496567,-967.88574,318.9848,22.247793,27.5415,21.409856618614867,16.675513602996944,5.383078070924967,18518.26909202762,130,131000,[-323.77279422],[-1305.02992001],145,131000
-286.2826830701722,-286.2826830701722,-286.2826830701722,0.0,158.0,158,158,0.0,11.023255845837207,11.023255845837207,11.023255845837207,0.0,0.0,0,0,0.0,12.0,0.0,12.0,12.0,1.0406076175911498,0.0,1.0406076175911498,1.0406076175911498,10.95939238240885,0.0,10.95939238240885,10.95939238240885,-894.13904,311.4367,-894.13904,311.4367,3.6558537,-893.0514,311.53793,22.043274,21.472527,21.151348399289418,16.675240935001057,5.321890389939654,18547.370865287827,131,132000,[-323.77279422],[-325.63171796],146,132000
-1004.8351524498026,-1004.8351524498026,-1004.8351524498026,0.0,1000.0,1000,1000,0.0,7.095023792036837,7.095023792036837,7.095023792036837,0.0,0.0,0,0,0.0,8.48528137423857,0.0,8.48528137423857,8.48528137423857,1.6229516286975523,0.0,1.6229516286975523,1.6229516286975523,6.862329745541017,0.0,6.862329745541017,6.862329745541017,-910.5481,294.6191,-910.5481,294.6191,3.838659,-913.61816,294.94604,28.990082,24.417732,21.380970825164695,2.6295600949961226,5.4059423702419735,18590.82361802325,132,133000,[-323.77279422],[-518.94228308],148,133000
-285.10015961125487,-285.10015961125487,-285.10015961125487,0.0,160.0,160,160,0.0,10.896732169728105,10.896732169728105,10.896732169728105,0.0,0.0,0,0,0.0,12.0,0.0,12.0,12.0,1.082138656486093,0.0,1.082138656486093,1.082138656486093,10.917861343513907,0.0,10.917861343513907,10.917861343513907,-892.7759,298.88522,-892.7759,298.88522,3.7485175,-895.0221,298.43777,18.823368,18.311321,21.46715291007422,16.667637407008442,5.439960793228238,18620.40678191255,133,134000,[-323.77279422],[-992.0156563],149,134000
-385.1659831027497,-385.1659831027497,-385.1659831027497,0.0,204.0,204,204,0.0,11.236186402956198,11.236186402956198,11.236186402956198,0.0,0.0,0,0,0.0,12.0,0.0,12.0,12.0,1.000959356076785,0.0,1.000959356076785,1.000959356076785,10.999040643923214,0.0,10.999040643923214,10.999040643923214,-895.0061,311.47226,-895.0061,311.47226,4.050078,-894.6593,311.7533,41.13404,41.737892,21.102367354775197,2.6760343560017645,5.295545701999799,18650.207771676316,134,135000,[-323.77279422],[-1244.3313822],150,135000
-369.38356995942263,-369.38356995942263,-369.38356995942263,0.0,247.0,247,247,0.0,11.00173638749429,11.00173638749429,11.00173638749429,0.0,0.0,0,0,0.0,12.0,0.0,12.0,12.0,1.0131146922342824,0.0,1.0131146922342824,1.0131146922342824,10.986885307765718,0.0,10.986885307765718,10.986885307765718,-917.33923,306.6864,-917.33923,306.6864,3.6587439,-919.64557,307.76785,22.074804,22.911062,21.385783976031234,3.4041326340084197,5.388362043944653,18681.093771077314,135,136000,[-323.77279422],[-978.06710753],151,136000
-1143.4229365415008,-1143.4229365415008,-1143.4229365415008,0.0,1000.0,1000,1000,0.0,7.815642534832798,7.815642534832798,7.815642534832798,0.0,0.0,0,0,0.0,8.48528137423857,0.0,8.48528137423857,8.48528137423857,4.234941258137912,0.0,4.234941258137912,4.234941258137912,4.2503401161006575,0.0,4.2503401161006575,4.2503401161006575,-884.4683,332.5803,-884.4683,332.5803,4.1131797,-887.08374,332.5248,23.2076,22.574146,21.3903634542512,4.113553786999546,5.427955482999096,18724.57969957657,136,137000,[-323.77279422],[-1093.64079682],152,137000
-801.5292425128175,-801.5292425128175,-801.5292425128175,0.0,909.0,909,909,0.0,7.494416804668126,7.494416804668126,7.494416804668126,0.0,0.0,0,0,0.0,8.48528137423857,0.0,8.48528137423857,8.48528137423857,1.0036267927616762,0.0,1.0036267927616762,1.0036267927616762,7.481654581476893,0.0,7.481654581476893,7.481654581476893,-893.6184,320.9039,-893.6184,320.9039,3.690623,-894.0359,320.85147,25.965656,21.676785,21.599301828915486,16.669691811999655,5.491336135863094,18766.829815021338,137,138000,[-323.77279422],[-869.90503333],153,138000
-295.44216065791113,-295.44216065791113,-295.44216065791113,0.0,180.0,180,180,0.0,10.989111101881258,10.989111101881258,10.989111101881258,0.0,0.0,0,0,0.0,12.0,0.0,12.0,12.0,1.010522864231891,0.0,1.010522864231891,1.010522864231891,10.989477135768109,0.0,10.989477135768109,10.989477135768109,-888.06433,313.0508,-888.06433,313.0508,3.7558792,-889.73364,313.9092,25.925703,31.118145,21.69302268093452,15.164241872000275,5.446215630217921,18796.978730257484,138,139000,[-323.77279422],[-1313.92308995],154,139000
-333.3511339889494,-333.3511339889494,-333.3511339889494,0.0,173.0,173,173,0.0,11.00294059990181,11.00294059990181,11.00294059990181,0.0,0.0,0,0,0.0,12.0,0.0,12.0,12.0,1.0467514895961105,0.0,1.0467514895961105,1.0467514895961105,10.95324851040389,0.0,10.95324851040389,10.95324851040389,-852.636,320.37003,-852.636,320.37003,4.321558,-856.0759,320.243,24.30618,23.780703,21.636941316028242,3.009035634997417,5.4633420740574365,18826.962833944563,139,140000,[-323.77279422],[-777.75105689],156,140000
-662.9498958056106,-662.9498958056106,-662.9498958056106,0.0,348.0,348,348,0.0,11.009705387597137,11.009705387597137,11.009705387597137,0.0,0.0,0,0,0.0,12.0,0.0,12.0,12.0,1.0349579339843562,0.0,1.0349579339843562,1.0349579339843562,10.965042066015643,0.0,10.965042066015643,10.965042066015643,-927.7891,355.6887,-927.7891,355.6887,3.7676678,-930.2136,354.31458,24.296118,29.204811,21.37409607580048,2.8910535750037525,5.410024664233788,18859.545680464566,140,141000,[-323.77279422],[-430.29195845],157,141000
-1079.2784566631678,-1079.2784566631678,-1079.2784566631678,0.0,1000.0,1000,1000,0.0,9.463545728607828,9.463545728607828,9.463545728607828,0.0,0.0,0,0,0.0,12.0,0.0,12.0,12.0,2.859003076930458,0.0,2.859003076930458,2.859003076930458,9.140996923069542,0.0,9.140996923069542,9.140996923069542,-888.27454,309.03287,-888.27454,309.03287,3.718178,-888.1615,309.55713,21.694212,26.287054,21.614508915197803,5.796106451001833,5.422371160908369,18903.24726492865,141,142000,[-323.77279422],[-1581.24322488],158,142000
-585.7162234602536,-585.7162234602536,-585.7162234602536,0.0,357.0,357,357,0.0,11.04373142243686,11.04373142243686,11.04373142243686,0.0,0.0,0,0,0.0,12.0,0.0,12.0,12.0,1.0095286214108845,0.0,1.0095286214108845,1.0095286214108845,10.990471378589115,0.0,10.990471378589115,10.990471378589115,-912.993,326.91342,-912.993,326.91342,3.9183397,-911.92725,328.03357,26.724468,26.333862,21.687728657881962,16.666839270008495,5.5193024588079425,18936.413768023354,142,143000,[-323.77279422],[-1283.19075336],159,143000
-481.6353948816569,-481.6353948816569,-481.6353948816569,0.0,452.0,452,452,0.0,11.135908494741601,11.135908494741601,11.135908494741601,0.0,0.0,0,0,0.0,12.0,0.0,12.0,12.0,1.0109112739204968,0.0,1.0109112739204968,1.0109112739204968,10.989088726079503,0.0,10.989088726079503,10.989088726079503,-865.4823,286.096,-865.4823,286.096,3.8756194,-867.49536,286.47607,20.298885,18.104958,21.860283644884476,5.962866047004354,5.507881922996603,18971.309644167282,143,144000,[-323.77279422],[-1395.78016568],160,144000
-1050.4755738762976,-1050.4755738762976,-1050.4755738762976,0.0,1000.0,1000,1000,0.0,6.872400391836383,6.872400391836383,6.872400391836383,0.0,0.0,0,0,0.0,8.48528137423857,0.0,8.48528137423857,8.48528137423857,1.938225991794425,0.0,1.938225991794425,1.938225991794425,6.547055382444144,0.0,6.547055382444144,6.547055382444144,-871.41693,318.2528,-871.41693,318.2528,3.7822206,-874.0398,317.94318,25.229004,23.32206,21.778456692991313,7.52665490299114,5.492796214748523,19015.244448615005,144,145000,[-323.77279422],[-407.55803615],162,145000
-1192.8507929399157,-1192.8507929399157,-1192.8507929399157,0.0,1000.0,1000,1000,0.0,7.030261806856086,7.030261806856086,7.030261806856086,0.0,0.0,0,0,0.0,8.48528137423857,0.0,8.48528137423857,8.48528137423857,3.8663257416002708,0.0,3.8663257416002708,3.8663257416002708,4.618955632638299,0.0,4.618955632638299,4.618955632638299,-854.32776,292.89203,-854.32776,292.89203,3.415413,-855.8318,292.1916,17.629776,18.44115,21.339064945001155,16.664841968988185,5.373963373072911,19058.630286071057,145,146000,[-323.77279422],[-1245.63505868],163,146000
-1386.2416369986468,-1386.2416369986468,-1386.2416369986468,0.0,1000.0,1000,1000,0.0,6.44159442579454,6.44159442579454,6.44159442579454,0.0,0.0,0,0,0.0,8.48528137423857,0.0,8.48528137423857,8.48528137423857,4.505665114519116,0.0,4.505665114519116,4.505665114519116,3.979616259719453,0.0,3.979616259719453,3.979616259719453,-905.1879,328.86523,-905.1879,328.86523,3.6751637,-906.5743,327.4793,24.035875,21.19053,21.11494324785599,16.676299199985806,5.331849442503881,19101.749362098388,146,147000,[-323.77279422],[-1077.38638972],164,147000
-1231.7655792722421,-1231.7655792722421,-1231.7655792722421,0.0,1000.0,1000,1000,0.0,7.624624621202326,7.624624621202326,7.624624621202326,0.0,0.0,0,0,0.0,8.48528137423857,0.0,8.48528137423857,8.48528137423857,4.391235989324465,0.0,4.391235989324465,4.391235989324465,4.0940453849141045,0.0,4.0940453849141045,4.0940453849141045,-861.5718,308.4087,-861.5718,308.4087,3.9059577,-863.40717,308.03836,24.61607,28.970211,21.117540021266905,16.673689937000745,5.341841240049689,19144.882592101698,147,148000,[-256.81940934],[-292.214238],167,148000
-1421.1630514049043,-1421.1630514049043,-1421.1630514049043,0.0,1000.0,1000,1000,0.0,6.340970984479484,6.340970984479484,6.340970984479484,0.0,0.0,0,0,0.0,8.48528137423857,0.0,8.48528137423857,8.48528137423857,5.223084709432323,0.0,5.223084709432323,5.223084709432323,3.262196664806247,0.0,3.262196664806247,3.262196664806247,-816.7112,312.01566,-816.7112,312.01566,4.0439777,-817.8226,311.4182,27.941994,27.060047,21.17332716860983,16.67892592100543,5.3487966260290705,19188.06821752836,148,149000,[-256.81940934],[-1090.54604482],168,149000
-1096.8855525494375,-1096.8855525494375,-1096.8855525494375,0.0,1000.0,1000,1000,0.0,7.658766474597216,7.658766474597216,7.658766474597216,0.0,0.0,0,0,0.0,8.48528137423857,0.0,8.48528137423857,8.48528137423857,4.490669556117072,0.0,4.490669556117072,4.490669556117072,3.9946118181214976,0.0,3.9946118181214976,3.9946118181214976,-872.0635,285.76114,-872.0635,285.76114,3.5962746,-871.5582,286.1185,21.951805,21.286636,21.124433188830153,16.66090370900929,5.3236808350047795,19231.184500328178,149,150000,[-256.81940934],[-353.97433257],169,150000
-1085.4021615159536,-1085.4021615159536,-1085.4021615159536,0.0,1000.0,1000,1000,0.0,7.63387572148608,7.63387572148608,7.63387572148608,0.0,0.0,0,0,0.0,8.48528137423857,0.0,8.48528137423857,8.48528137423857,1.578118566316936,0.0,1.578118566316936,1.578118566316936,6.907162807921633,0.0,6.907162807921633,6.907162807921633,-849.66626,313.5505,-849.66626,313.5505,3.526538,-848.74774,314.81732,22.291977,24.092485,21.13136331779242,16.673177822012804,5.390778548142407,19274.370306113124,150,151000,[-256.81940934],[-1366.37020729],170,151000
-903.316243215842,-903.316243215842,-903.316243215842,0.0,877.0,877,877,0.0,8.555565503294432,8.555565503294432,8.555565503294432,0.0,0.0,0,0,0.0,8.48528137423857,0.0,8.48528137423857,8.48528137423857,1.0027342015021852,0.0,1.0027342015021852,1.0027342015021852,7.482547172736385,0.0,7.482547172736385,7.482547172736385,-888.74255,309.8949,-888.74255,309.8949,3.9999547,-890.678,308.67566,25.586422,24.07011,21.12810803418688,16.663648235000437,5.314212813304039,19315.42261235061,151,152000,[-256.81940934],[-2815.86405575],171,152000
-1112.754915927281,-1112.754915927281,-1112.754915927281,0.0,1000.0,1000,1000,0.0,8.018466969137885,8.018466969137885,8.018466969137885,0.0,0.0,0,0,0.0,8.48528137423857,0.0,8.48528137423857,8.48528137423857,1.4648850814571084,0.0,1.4648850814571084,1.4648850814571084,7.020396292781461,0.0,7.020396292781461,7.020396292781461,-830.0918,313.71017,-830.0918,313.71017,3.6997468,-828.5216,312.93784,16.52312,17.798634,21.162986386247212,14.61672184598865,5.3608704798680265,19358.621007307724,152,153000,[-256.81940934],[-996.54244207],173,153000
-468.58975091756133,-468.58975091756133,-468.58975091756133,0.0,286.0,286,286,0.0,11.668929545193969,11.668929545193969,11.668929545193969,0.0,0.0,0,0,0.0,12.0,0.0,12.0,12.0,1.0043886295790945,0.0,1.0043886295790945,1.0043886295790945,10.995611370420905,0.0,10.995611370420905,10.995611370420905,-848.0486,295.8152,-848.0486,295.8152,3.6697745,-847.3271,295.04022,22.527304,21.392065,21.109248025037232,16.67302453100274,5.331631563138217,19389.822709361877,153,154000,[-256.81940934],[-410.4969168],175,154000
-809.5471539191467,-809.5471539191467,-809.5471539191467,0.0,789.0,789,789,0.0,7.703983208652837,7.703983208652837,7.703983208652837,0.0,0.0,0,0,0.0,8.48528137423857,0.0,8.48528137423857,8.48528137423857,1.0071161744041464,0.0,1.0071161744041464,1.0071161744041464,7.478165199834423,0.0,7.478165199834423,7.478165199834423,-887.5529,318.4933,-887.5529,318.4933,3.9998293,-886.9369,317.80057,28.286743,24.400967,21.130087371435366,4.7654601099930005,5.333914077287773,19429.442006711615,154,155000,[-256.81940934],[-523.35519284],178,155000
-789.4149603304108,-789.4149603304108,-789.4149603304108,0.0,686.0,686,686,0.0,7.488722806242481,7.488722806242481,7.488722806242481,0.0,0.0,0,0,0.0,8.48528137423857,0.0,8.48528137423857,8.48528137423857,1.01332227600209,0.0,1.01332227600209,1.01332227600209,7.471959098236479,0.0,7.471959098236479,7.471959098236479,-851.90936,317.15012,-851.90936,317.15012,4.383172,-854.9144,315.7653,28.36993,26.600952,21.103531917891814,13.153699602000415,5.344310721207876,19467.32719814872,155,156000,[-256.81940934],[-688.1456209],180,156000
-689.3956980010253,-689.3956980010253,-689.3956980010253,0.0,1000.0,1000,1000,0.0,9.559432765589387,9.559432765589387,9.559432765589387,0.0,0.0,0,0,0.0,12.0,0.0,12.0,12.0,2.424768333239057,0.0,2.424768333239057,2.424768333239057,9.575231666760942,0.0,9.575231666760942,9.575231666760942,-830.1224,282.6032,-830.1224,282.6032,3.7589827,-828.7677,284.07288,23.31548,26.403103,21.096441222005524,11.439084277008078,5.3389426298381295,19510.429484579567,156,157000,[-256.81940934],[-1034.89235407],181,157000
-1065.1362593041638,-1065.1362593041638,-1065.1362593041638,0.0,1000.0,1000,1000,0.0,7.409865410559262,7.409865410559262,7.409865410559262,0.0,0.0,0,0,0.0,8.48528137423857,0.0,8.48528137423857,8.48528137423857,1.1548475363752158,0.0,1.1548475363752158,1.1548475363752158,7.330433837863354,0.0,7.330433837863354,7.330433837863354,-876.3663,324.63605,-876.3663,324.63605,3.9361649,-876.6328,324.10837,23.31312,20.129461,21.160241708217654,16.67040454200469,5.325116957043065,19553.58391333882,157,158000,[-256.81940934],[-1295.916488],182,158000
-1229.1456500074391,-1229.1456500074391,-1229.1456500074391,0.0,1000.0,1000,1000,0.0,6.794769365554083,6.794769365554083,6.794769365554083,0.0,0.0,0,0,0.0,8.48528137423857,0.0,8.48528137423857,8.48528137423857,3.950147946591666,0.0,3.950147946591666,3.950147946591666,4.535133427646904,0.0,4.535133427646904,4.535133427646904,-827.754,293.18817,-827.754,293.18817,3.4705937,-827.6096,293.40353,30.3747,25.336462,21.154075766913593,16.669577642998775,5.325055554974824,19596.732848085725,158,159000,[-256.81940934],[-287.55647686],184,159000
-483.31014643572075,-483.31014643572075,-483.31014643572075,0.0,230.0,230,230,0.0,11.403375025149055,11.403375025149055,11.403375025149055,0.0,0.0,0,0,0.0,12.0,0.0,12.0,12.0,1.036888054208274,0.0,1.036888054208274,1.036888054208274,10.963111945791725,0.0,10.963111945791725,10.963111945791725,-859.9981,325.7794,-859.9981,325.7794,3.728229,-865.2798,325.57877,26.416035,23.808538,21.135343486152124,16.67113370599691,5.359936630862649,19627.06735686872,159,160000,[-256.81940934],[-1117.82924502],185,160000
-586.5077640737845,-586.5077640737845,-586.5077640737845,0.0,599.0,599,599,0.0,8.24026214773292,8.24026214773292,8.24026214773292,0.0,0.0,0,0,0.0,8.48528137423857,0.0,8.48528137423857,8.48528137423857,1.0055324837201198,0.0,1.0055324837201198,1.0055324837201198,7.47974889051845,0.0,7.47974889051845,7.47974889051845,-846.7213,304.77307,-846.7213,304.77307,3.6038442,-846.08417,303.8532,23.328136,24.114168,21.16501238802448,3.840314943998237,5.3441073500871425,19773.78622300783,160,161000,[-256.81940934],[-1269.9657864],186,161000
-962.3066220729402,-962.3066220729402,-962.3066220729402,0.0,834.0,834,834,0.0,7.4939248565350765,7.4939248565350765,7.4939248565350765,0.0,0.0,0,0,0.0,8.48528137423857,0.0,8.48528137423857,8.48528137423857,1.0020493110605926,0.0,1.0020493110605926,1.0020493110605926,7.483232063177977,0.0,7.483232063177977,7.483232063177977,-790.3604,324.28357,-790.3604,324.28357,3.7434537,-790.323,324.31818,21.448715,22.593822,21.05316323270381,120.21239143398998,5.321201912738616,20168.07334828528,161,162000,[-256.81940934],[-405.61766607],188,162000
-1155.5195813253827,-1155.5195813253827,-1155.5195813253827,0.0,1000.0,1000,1000,0.0,6.359662449186096,6.359662449186096,6.359662449186096,0.0,0.0,0,0,0.0,8.48528137423857,0.0,8.48528137423857,8.48528137423857,3.4205925020061407,0.0,3.4205925020061407,3.4205925020061407,5.064688872232429,0.0,5.064688872232429,5.064688872232429,-844.5792,306.40573,-844.5792,306.40573,3.841035,-843.06006,306.9669,22.620348,22.794601,21.229957621981157,367.9166710819991,5.407236749175354,20211.394187306418,162,163000,[-256.81940934],[-734.20617095],190,163000
-619.5504847662772,-619.5504847662772,-619.5504847662772,0.0,670.0,670,670,0.0,8.194480401264846,8.194480401264846,8.194480401264846,0.0,0.0,0,0,0.0,8.48528137423857,0.0,8.48528137423857,8.48528137423857,1.0130535534491718,0.0,1.0130535534491718,1.0130535534491718,7.4722278207893975,0.0,7.4722278207893975,7.4722278207893975,-827.8956,294.89096,-827.8956,294.89096,3.4359283,-829.49036,295.17114,18.1348,20.438587,21.061307176802075,16.68462508599623,5.302354620027472,20248.928930645256,163,164000,[-256.81940934],[-1470.40590912],191,164000
-1321.5759179510897,-1321.5759179510897,-1321.5759179510897,0.0,1000.0,1000,1000,0.0,5.391602270621489,5.391602270621489,5.391602270621489,0.0,0.0,0,0,0.0,8.48528137423857,0.0,8.48528137423857,8.48528137423857,4.783604403128698,0.0,4.783604403128698,4.783604403128698,3.7016769711098716,0.0,3.7016769711098716,3.7016769711098716,-840.29785,310.16647,-840.29785,310.16647,3.6265678,-842.3733,309.51028,23.719198,23.414476,21.49267697407049,11.172766789997695,5.4565057290456025,20292.546502962374,164,165000,[-256.81940934],[-1393.71800235],192,165000
-1081.811641647058,-1081.811641647058,-1081.811641647058,0.0,1000.0,1000,1000,0.0,5.43751897647404,5.43751897647404,5.43751897647404,0.0,0.0,0,0,0.0,8.48528137423857,0.0,8.48528137423857,8.48528137423857,3.945369099145261,0.0,3.945369099145261,3.945369099145261,4.539912275093309,0.0,4.539912275093309,4.539912275093309,-823.886,302.93643,-823.886,302.93643,3.441693,-826.4708,302.40833,21.624365,20.111832,21.760941296161036,16.670251456002006,5.495687578862999,20336.47800497242,165,166000,[-256.81940934],[-850.23275891],193,166000
-549.1369318321526,-549.1369318321526,-549.1369318321526,0.0,310.0,310,310,0.0,11.014798827208757,11.014798827208757,11.014798827208757,0.0,0.0,0,0,0.0,12.0,0.0,12.0,12.0,1.017164608230153,0.0,1.017164608230153,1.017164608230153,10.982835391769846,0.0,10.982835391769846,10.982835391769846,-840.0383,315.95294,-840.0383,315.95294,4.158283,-841.4627,316.13525,24.105288,28.454641,21.846917653965647,16.680967833992327,5.520976196959964,20369.01144406834,166,167000,[-256.81940934],[-1022.17810666],194,167000
-1090.0608714230966,-1090.0608714230966,-1090.0608714230966,0.0,1000.0,1000,1000,0.0,8.022838546627321,8.022838546627321,8.022838546627321,0.0,0.0,0,0,0.0,12.0,0.0,12.0,12.0,4.082839330077908,0.0,4.082839330077908,4.082839330077908,7.917160669922092,0.0,7.917160669922092,7.917160669922092,-825.68494,323.8547,-825.68494,323.8547,3.6915135,-827.3095,323.71866,19.427505,19.827652,21.902754092065152,5.165145615988877,5.5143084970186464,20413.093952610434,167,168000,[-256.81940934],[-1196.86344736],195,168000
-1238.5183844330988,-1238.5183844330988,-1238.5183844330988,0.0,1000.0,1000,1000,0.0,6.33070888447563,6.33070888447563,6.33070888447563,0.0,0.0,0,0,0.0,8.48528137423857,0.0,8.48528137423857,8.48528137423857,4.363282046246513,0.0,4.363282046246513,4.363282046246513,4.121999327992056,0.0,4.121999327992056,4.121999327992056,-811.1576,306.7462,-811.1576,306.7462,3.8286927,-818.23364,305.18167,32.231316,28.495754,21.91997267906845,16.666292326000985,5.57166398903064,20457.26126951551,168,169000,[-256.81940934],[-866.3887246],196,169000
-695.272848308729,-695.272848308729,-695.272848308729,0.0,735.0,735,735,0.0,8.847473689659338,8.847473689659338,8.847473689659338,0.0,0.0,0,0,0.0,8.48528137423857,0.0,8.48528137423857,8.48528137423857,1.002729557740602,0.0,1.002729557740602,1.002729557740602,7.482551816497968,0.0,7.482551816497968,7.482551816497968,-821.1063,314.8797,-821.1063,314.8797,4.1581736,-821.5678,313.15793,42.896748,43.233433,21.38166414629086,16.68040435099101,5.400233900101739,20496.293094320878,169,170000,[-256.81940934],[-1695.78621812],197,170000
-915.1596235469358,-915.1596235469358,-915.1596235469358,0.0,733.0,733,733,0.0,7.607801904013049,7.607801904013049,7.607801904013049,0.0,0.0,0,0,0.0,8.48528137423857,0.0,8.48528137423857,8.48528137423857,1.0217103674999752,0.0,1.0217103674999752,1.0217103674999752,7.4635710067385945,0.0,7.4635710067385945,7.4635710067385945,-788.0736,310.16113,-788.0736,310.16113,4.029081,-792.41724,311.8494,19.843437,22.737658,21.123357989097713,12.25225092600158,5.345194032692234,20534.979430915686,170,171000,[-256.81940934],[-435.54501836],200,171000
-974.0605272792584,-974.0605272792584,-974.0605272792584,0.0,1000.0,1000,1000,0.0,6.93981530939167,6.93981530939167,6.93981530939167,0.0,0.0,0,0,0.0,8.48528137423857,0.0,8.48528137423857,8.48528137423857,1.5726138636658673,0.0,1.5726138636658673,1.5726138636658673,6.912667510572702,0.0,6.912667510572702,6.912667510572702,-819.7171,335.71976,-819.7171,335.71976,3.685093,-824.19977,334.75748,29.967651,28.82446,21.5286617862439,12.218770029008738,5.441081978875445,20578.611939551818,171,172000,[-256.81940934],[-813.00828669],201,172000
-266.6526501041504,-266.6526501041504,-266.6526501041504,0.0,159.0,159,159,0.0,11.54367141650586,11.54367141650586,11.54367141650586,0.0,0.0,0,0,0.0,12.0,0.0,12.0,12.0,1.0049123913390696,0.0,1.0049123913390696,1.0049123913390696,10.995087608660931,0.0,10.995087608660931,10.995087608660931,-821.805,317.77524,-821.805,317.77524,3.8806038,-821.3895,317.1963,24.859371,25.833668,21.61132079527306,16.66886721899209,5.4740491941338405,20608.360107919216,172,173000,[-256.81940934],[-1363.57210139],202,173000
-953.8740104611595,-953.8740104611595,-953.8740104611595,0.0,920.0,920,920,0.0,7.472795684596262,7.472795684596262,7.472795684596262,0.0,0.0,0,0,0.0,8.48528137423857,0.0,8.48528137423857,8.48528137423857,1.0191537872920495,0.0,1.0191537872920495,1.0191537872920495,7.46612758694652,0.0,7.46612758694652,7.46612758694652,-842.05695,315.0725,-842.05695,315.0725,4.313463,-847.32056,314.16644,28.758163,28.135578,21.10878931626212,2.66471496700251,5.347532081097597,20650.159297741586,173,174000,[-256.81940934],[-1215.45154818],203,174000
-768.3935556183274,-768.3935556183274,-768.3935556183274,0.0,1000.0,1000,1000,0.0,9.921038584404236,9.921038584404236,9.921038584404236,0.0,0.0,0,0,0.0,12.0,0.0,12.0,12.0,2.1149907868283586,0.0,2.1149907868283586,2.1149907868283586,9.885009213171642,0.0,9.885009213171642,9.885009213171642,-808.8572,321.6875,-808.8572,321.6875,3.9898643,-810.4835,321.28305,23.17368,23.009293,21.66610028492869,15.342978235988994,5.446947519943933,20693.945686837455,174,175000,[-254.03590411],[-254.03590411],205,175000
-301.2461252930902,-301.2461252930902,-301.2461252930902,0.0,250.0,250,250,0.0,11.162252939423675,11.162252939423675,11.162252939423675,0.0,0.0,0,0,0.0,12.0,0.0,12.0,12.0,1.0221546624881652,0.0,1.0221546624881652,1.0221546624881652,10.977845337511834,0.0,10.977845337511834,10.977845337511834,-817.5816,310.46872,-817.5816,310.46872,3.771678,-824.5602,310.6739,23.40033,24.38276,21.273177001145086,16.672613710004953,5.364036993065383,20724.750628690643,175,176000,[-254.03590411],[-1328.62735385],206,176000
-379.2308458902633,-379.2308458902633,-379.2308458902633,0.0,201.0,201,201,0.0,10.952323324744789,10.952323324744789,10.952323324744789,0.0,0.0,0,0,0.0,12.0,0.0,12.0,12.0,1.0391855514204147,0.0,1.0391855514204147,1.0391855514204147,10.960814448579585,0.0,10.960814448579585,10.960814448579585,-802.28784,305.6608,-802.28784,305.6608,3.7322617,-803.9019,305.9046,34.730232,35.9066,21.490049018291757,4.169227103993762,5.466500184353208,20755.063277514317,176,177000,[-254.03590411],[-765.27112459],207,177000
-486.2475927200955,-486.2475927200955,-486.2475927200955,0.0,439.0,439,439,0.0,11.341838625441714,11.341838625441714,11.341838625441714,0.0,0.0,0,0,0.0,12.0,0.0,12.0,12.0,1.000668732042194,0.0,1.000668732042194,1.000668732042194,10.999331267957807,0.0,10.999331267957807,10.999331267957807,-824.14484,309.77365,-824.14484,309.77365,3.834028,-825.6429,310.25397,22.32238,30.384087,21.930003521949402,3.357571412008838,5.553894058029982,20789.88429543328,177,178000,[-254.03590411],[-1207.87297752],208,178000
-1347.5577908851178,-1347.5577908851178,-1347.5577908851178,0.0,1000.0,1000,1000,0.0,6.074187127163423,6.074187127163423,6.074187127163423,0.0,0.0,0,0,0.0,8.48528137423857,0.0,8.48528137423857,8.48528137423857,4.618474324314341,0.0,4.618474324314341,4.618474324314341,3.866807049924229,0.0,3.866807049924229,3.866807049924229,-774.7108,296.45572,-774.7108,296.45572,4.1234474,-776.2788,296.87567,22.798351,21.603386,21.776828404457774,7.339624999993248,5.51192506798543,20833.843231165767,178,179000,[-254.03590411],[-1323.40003471],209,179000
-2391.1912726964247,-2391.1912726964247,-2391.1912726964247,0.0,1000.0,1000,1000,0.0,3.166698846799997,3.166698846799997,3.166698846799997,0.0,0.0,0,0,0.0,12.0,0.0,12.0,12.0,8.88405955000094,0.0,8.88405955000094,8.88405955000094,3.1159404499990604,0.0,3.1159404499990604,3.1159404499990604,-822.1548,332.80872,-822.1548,332.80872,3.9818797,-821.5217,332.1005,29.295277,27.087074,21.400431603964535,16.67400332901161,5.420662994962186,20877.36364861569,179,180000,[-254.03590411],[-690.13057156],210,180000
-1065.1107579513684,-1065.1107579513684,-1065.1107579513684,0.0,857.0,857,857,0.0,7.912030892294265,7.912030892294265,7.912030892294265,0.0,0.0,0,0,0.0,8.48528137423857,0.0,8.48528137423857,8.48528137423857,1.0050825807537997,0.0,1.0050825807537997,1.0050825807537997,7.48019879348477,0.0,7.48019879348477,7.48019879348477,-803.6947,324.76843,-803.6947,324.76843,3.4369597,-803.22314,323.27167,21.413729,21.258327,21.42468020625529,16.70322729300824,5.421129786001984,20918.493771393958,180,181000,[-254.03590411],[-1129.84920133],211,181000
-1308.0674400248736,-1308.0674400248736,-1308.0674400248736,0.0,1000.0,1000,1000,0.0,6.315284011786367,6.315284011786367,6.315284011786367,0.0,0.0,0,0,0.0,8.48528137423857,0.0,8.48528137423857,8.48528137423857,4.184069065494079,0.0,4.184069065494079,4.184069065494079,4.301212308744491,0.0,4.301212308744491,4.301212308744491,-821.1227,304.87262,-821.1227,304.87262,3.7952487,-823.1148,303.97028,25.187244,27.983503,21.76812742104812,14.28689058800228,5.4864105817105155,20962.427048451704,181,182000,[-254.03590411],[-725.88803895],213,182000
-1513.6809653993091,-1513.6809653993091,-1513.6809653993091,0.0,1000.0,1000,1000,0.0,6.490931268806908,6.490931268806908,6.490931268806908,0.0,0.0,0,0,0.0,8.48528137423857,0.0,8.48528137423857,8.48528137423857,4.235708612432424,0.0,4.235708612432424,4.235708612432424,4.249572761806146,0.0,4.249572761806146,4.249572761806146,-764.16675,316.89795,-764.16675,316.89795,3.6242673,-762.9872,317.46548,22.730465,23.100275,21.389681354135973,16.683473000011873,5.408871475839987,21005.89510567971,182,183000,[-254.03590411],[-394.36172428],214,183000
-1140.6467032779008,-1140.6467032779008,-1140.6467032779008,0.0,1000.0,1000,1000,0.0,7.3529010946340705,7.3529010946340705,7.3529010946340705,0.0,0.0,0,0,0.0,8.48528137423857,0.0,8.48528137423857,8.48528137423857,3.136083502645267,0.0,3.136083502645267,3.136083502645267,5.349197871593303,0.0,5.349197871593303,5.349197871593303,-811.25336,308.61996,-811.25336,308.61996,3.7168832,-812.82996,308.049,31.392141,27.859219,21.227597900273395,16.669467478001025,5.403867370056105,21049.19616319603,183,184000,[-254.03590411],[-472.47528577],216,184000
-768.7619603668181,-768.7619603668181,-768.7619603668181,0.0,737.0,737,737,0.0,7.993609137957633,7.993609137957633,7.993609137957633,0.0,0.0,0,0,0.0,8.48528137423857,0.0,8.48528137423857,8.48528137423857,1.0013848851250033,0.0,1.0013848851250033,1.0013848851250033,7.483896489113566,0.0,7.483896489113566,7.483896489113566,-832.46155,323.9459,-832.46155,323.9459,3.8344736,-836.0563,323.26392,28.407625,31.398582,21.548904895127635,16.672371430002386,5.446250829729252,21088.479512714926,184,185000,[-254.03590411],[-275.37563552],218,185000
